Message_lang,Pos[0],Pos[1],Pos[2],ID,ContinentID,PhaseUseFlags,PhaseID,PhaseGroupID,Radius,Box_length,Box_width,Box_height,Box_yaw,ShapeType,ShapeID,AreaTriggerActionSetID,Flags
You must be at least level 20 to enter.,2924.38,-798.429,161.611,45,0,0,0,0,8,0,0,0,0,0,0,18440,0
,47.6135,-28.9462,-8.81759,60,24,0,0,0,7,0,0,0,0,0,0,18441,0
,-10645.9,1179.06,48.1781,71,0,0,0,0,27,0,0,0,0,0,0,18442,0
You must be at least level 10 to enter.,-11208.5,1685.34,25.7612,78,0,0,0,0,7,0,0,0,0,0,0,18443,0
,-259.24698,137.75117,36.568306,81,28,0,0,0,7,0,0,0,0,0,0,18444,0
,254.5694,-4.322051,6.486521,83,28,0,0,0,8,0,0,0,0,0,0,18445,0
,16449.9,16393.2,69.4444,84,0,0,0,0,15,0,0,0,0,0,0,18446,0
,-9077.34,-552.925,60.3476,87,0,0,0,0,30,0,0,0,0,0,0,18447,0
,-9843.54,127.525,5.3698,88,0,0,0,0,10,0,0,0,0,0,0,18448,0
,-409.82812,-802.7708,-13.246962,95,30,0,0,0,9,0,0,0,0,0,0,18449,0
,-5660.33,755.299,389.605,97,0,0,0,0,15,0,0,0,0,0,0,18450,0
,-11634.8,-54.0697,13.4439,98,0,0,0,0,30,0,0,0,0,0,0,18451,0
,2019.3494,1904.3594,105.14445,100,0,0,0,0,7,0,0,0,0,0,0,18452,0
You must be at least level 15 to enter.,-8761.85,848.557,87.8052,101,0,0,0,0,0,4.972,9.694,7.444,0.6632,1,0,18453,0
,-8667.56,623.563,85.4054,107,0,0,0,0,7,0,0,0,0,0,0,18454,0
,-0.90042,16.443,-14.236,109,35,0,0,0,7,0,0,0,0,0,0,18455,0
,-14.3628,-393.38,64.5605,119,36,0,0,0,6,0,0,0,0,0,0,18456,0
,-110.76,-1009.19,34.8044,121,36,0,0,0,7,0,0,0,0,0,0,18457,0
You must be at least level 10 to enter.,-229.49,1576.35,78.8909,145,0,0,0,0,7,0,0,0,0,0,0,18458,0
,-5584.2065,759.83215,384.29016,168,0,0,0,0,15,0,0,0,0,0,0,18459,0
,-5586.46,679.298,384.955,169,0,0,0,0,8,0,0,0,0,0,0,18460,0
,-5763.72,-3439.58,306.366,171,0,0,0,0,50,0,0,0,0,0,0,18461,0
,1058.11,1554.68,-15,173,0,0,0,0,90,0,0,0,0,0,0,18462,0
,-4086.36,-2610.95,46.0143,175,0,0,0,0,20,0,0,0,0,0,0,18463,0
,683.771,-912.144,174.5,178,0,0,0,0,5,0,0,0,0,0,0,18464,0
,-230.953,2105.06,79.7533,194,33,0,0,0,5,0,0,0,0,0,0,18465,0
,-12153.621,894.01373,9.538913,196,0,0,0,0,80,0,0,0,0,0,0,18466,0
,-9796.18,157.773,25.3878,197,0,0,0,0,9,0,0,0,0,0,0,18467,0
,-1895.78,-1109.04,86.183,205,1,0,0,0,15,0,0,0,0,0,0,18468,0
,90.1003,-1943.44,79.4727,216,1,0,0,0,9,0,0,0,0,0,0,18469,0
,10708.8,762.092,1321.37,217,1,0,0,0,14,0,0,0,0,0,0,18470,0
,9859.09,588.761,1300.61,218,1,0,0,0,14,0,0,0,0,0,0,18471,0
,9556.24,1654.77,1299.49,219,1,0,0,0,14,0,0,0,0,0,0,18472,0
,10675.2,1857.45,1324.17,220,1,0,0,0,10,0,0,0,0,0,0,18473,0
,4508.17,373.376,32.5125,223,1,0,0,0,40,0,0,0,0,0,0,18475,0
,4605.57,385.158,31.4827,224,1,0,0,0,25,0,0,0,0,0,0,18476,0
,4558.36,421.446,33.7425,225,1,0,0,0,50,0,0,0,0,0,0,18477,0
,-172.181,138.98,-66.6471,226,43,0,0,0,12,0,0,0,0,0,0,18478,0
You must be at least level 10 to enter.,-753.596,-2212.78,21.5403,228,1,0,0,0,13,0,0,0,0,0,0,18479,0
,6744.98,41.1164,47.6041,230,1,0,0,0,13,0,0,0,0,0,0,18480,0
,5996.56,365.21,21.8661,231,1,0,0,0,40,0,0,0,0,0,0,18481,0
,5980.17,330.669,21.7655,232,1,0,0,0,40,0,0,0,0,0,0,18482,0
,4916.99,328.43,36.7678,233,1,0,0,0,50,0,0,0,0,0,0,18483,0
,4641.19,55.3801,66.6307,234,1,0,0,0,60,0,0,0,0,0,0,18484,0
,4554.65,146.354,59.5027,235,1,0,0,0,70,0,0,0,0,0,0,18485,0
,4643.38,145.349,57.9047,236,1,0,0,0,50,0,0,0,0,0,0,18486,0
,4504.31,32.3296,86.4913,237,1,0,0,0,80,0,0,0,0,0,0,18487,0
,6876.28,-486.029,40.1436,238,1,0,0,0,65,0,0,0,0,0,0,18488,0
,3469.43,847.62,5.36476,239,1,0,0,0,12,0,0,0,0,0,0,18489,0
,1936.39,1534.47,86.8769,242,47,0,0,0,8,0,0,0,0,0,0,18490,0
You must be at least level 15 to enter.,-4456.7,-1655.99,86.1095,244,1,0,0,0,8,0,0,0,0,0,0,18491,0
,-4932.53,-1596.05,84.8157,246,1,0,0,0,20,0,0,0,0,0,0,18492,0
,-236.47,2202.42,97.3452,254,33,0,0,0,5,0,0,0,0,0,0,18494,0
,-223.399,2101.97,97.3899,255,33,0,0,0,5,0,0,0,0,0,0,18495,0
,-189.006,2145.69,97.3899,256,33,0,0,0,7,0,0,0,0,0,0,18496,0
You must be at least level 10 to enter.,4252.37,756.974,-23.0632,257,1,0,0,0,12,0,0,0,0,0,0,18497,0
,-148.633,121.08,-33.4141,259,48,0,0,0,12,0,0,0,0,0,0,18498,0
,2019.73,2004.6,61.6874,262,47,0,0,0,15,0,0,0,0,0,0,18500,0
,-527.658,321.109,-50.2584,283,48,0,0,0,20,0,0,0,0,0,0,18503,0
,-8681.37,434.406,99.2579,284,0,0,0,0,7,0,0,0,0,0,0,18504,0
You must be at least level 30 to enter.,-6053.73,-2954.63,213.686,286,0,0,0,0,10,0,0,0,0,0,0,18505,0
,-228.193,34.1602,-39.2339,288,70,0,0,0,10,0,0,0,0,0,0,18506,0
,-3463.26,-4123.13,17.1043,302,1,0,0,0,8,0,0,0,0,0,0,18507,0
,-4058.75,-2732.54,35.3301,303,1,0,0,0,10,0,0,0,0,0,0,18508,0
,-312.205,-4.63256,-148.657,322,90,0,0,0,14,0,0,0,0,0,0,18509,0
You must be at least level 15 to enter.,-5161.33,939.623,258.288,324,0,0,0,0,10,0,0,0,0,0,0,18510,0
,-9029.174,-608.32886,56.4679,342,0,0,0,0,30,0,0,0,0,0,0,18511,0
,-10429.435,-3828.8408,-31.629646,362,0,0,0,0,150,0,0,0,0,0,0,18512,0
,-8681.4,434.439,99.259,382,0,0,0,0,7,0,0,0,0,0,0,18513,0
,-93.1614,1691.15,89.0649,422,1,0,0,0,20,0,0,0,0,0,0,18515,0
You must be at least level 25 to enter.,-4666.52,-2536.82,86.9671,442,1,0,0,0,10,0,0,0,0,0,0,18516,0
,2593.94,1124.64,56.179,444,129,0,0,0,11,0,0,0,0,0,0,18517,0
You must be at least level 35 to enter.,-10162.7,-3998.65,-107.978,446,0,0,0,0,11,0,0,0,0,0,0,18518,0
,-300,99,-127,448,109,0,0,0,13,0,0,0,0,0,0,18519,0
,2107.72,1823.77,79.9696,462,47,0,0,0,10,0,0,0,0,0,0,18529,0
,2165.75,1944.75,61.4635,463,47,0,0,0,15,0,0,0,0,0,0,18530,0
,-8932.78,-1986.4,139.905,482,0,0,0,0,12,0,0,0,0,0,0,18531,0
,39.3741,0.803469,-12.7883,503,34,0,0,0,8,0,0,0,0,0,0,18532,0
,-1679.3,-4328.96,2.58591,522,1,0,0,0,4,0,0,0,0,0,0,18533,0
You must be at least level 15 to enter.,-4858.27,785.03,241.06,523,0,0,0,0,12,0,0,0,0,0,0,18534,0
,-717.868,1.37207,-241.293,525,90,0,0,0,12,0,0,0,0,0,0,18535,0
,9947.48,2630.04,1318.6,527,1,0,0,0,10,0,0,0,0,0,0,18536,0
,8799.41,969.787,30.2409,542,1,0,0,0,10,0,0,0,0,0,0,18537,0
,-9465.58,16.8472,65.921,562,0,0,0,0,30,0,0,0,0,0,0,18538,0
,1687.57,1040.09,20.9829,602,189,0,0,0,8,0,0,0,0,0,0,18539,0
,853.679,1308.1,19.6714,604,189,0,0,0,8,0,0,0,0,0,0,18540,0
,1608.65,-308.97,20.7824,606,189,0,0,0,8,0,0,0,0,0,0,18541,0
,253.601,-196.804,21.0385,608,189,0,0,0,8,0,0,0,0,0,0,18542,0
You must be at least level 20 to enter.,2925.18,-820.545,161.634,610,0,0,0,0,8,0,0,0,0,0,0,18543,0
You must be at least level 20 to enter.,2877.98,-839.267,163.049,612,0,0,0,0,6,0,0,0,0,0,0,18544,0
You must be at least level 20 to enter.,2859.73,-824.91,162.083,614,0,0,0,0,8,0,0,0,0,0,0,18545,0
,-9219.37,-2149.94,70.606,682,0,0,0,0,30,0,0,0,0,0,0,18547,0
,-9023.26,892.398,33.5096,702,0,0,0,0,7,0,0,0,0,0,0,18548,0
,-9020.09,880.502,151.576,704,0,0,0,0,7,0,0,0,0,0,0,18549,0
,-10517,-1158.39,39.0542,707,0,0,0,0,30,0,0,0,0,0,0,18550,0
,-854.547,-576.314,18.4659,708,0,0,0,0,0,56.19,27.53,28.53,4.712,1,0,18551,0
,-3615.49,-4467.34,24.3141,709,1,0,0,0,30,0,0,0,0,0,0,18552,0
,-5601.46,-530.747,395.483,710,0,0,0,0,35,0,0,0,0,0,0,18553,0
,-5390.18,-2953.93,322.03,712,0,0,0,0,36,0,0,0,0,0,0,18554,0
,-3823.06,-834.526,18.2789,713,0,0,0,0,30,0,0,0,0,0,0,18555,0
,9809.05,959.188,1315.35,715,1,0,0,0,32,0,0,0,0,0,0,18556,0
,6410.01,527.035,14.0578,716,1,0,0,0,32,0,0,0,0,0,0,18557,0
,2756.64,-423.057,119.387,717,1,0,0,0,32,0,0,0,0,0,0,18558,0
,2266.68,245.993,44.4145,719,0,0,0,0,30,0,0,0,0,0,0,18559,0
,511.536,1638.63,75.4173,720,0,0,0,0,50,0,0,0,0,0,0,18560,0
,-4.94444,-934.91,62.4686,721,0,0,0,0,0,24.56,25.72,11.58,5.829,1,0,18561,0
,-2366.7,-345.983,-1.29313,722,1,0,0,0,30,0,0,0,0,0,0,18562,0
,-405.311,-2645.29,111.972,742,1,0,0,0,30,0,0,0,0,0,0,18563,0
,-1051.44,-3653.81,31.1352,743,1,0,0,0,30,0,0,0,0,0,0,18564,0
,-842.076,-472.462,-34.0656,762,48,0,0,0,10,0,0,0,0,0,0,18565,0
,-3752.81,-851.558,10.1153,802,0,0,0,0,20,0,0,0,0,0,0,18566,0
,-3668.34,-823.839,9.89915,803,0,0,0,0,12,0,0,0,0,0,0,18567,0
,-234.444,319.127,-47.5885,822,70,0,0,0,20,0,0,0,0,0,0,18568,0
,341.42,-4684.7,30.9493,843,1,0,0,0,30,0,0,0,0,0,0,18569,0
,-10487.3,-3256.87,39.8964,844,0,0,0,0,30,0,0,0,0,0,0,18570,0
,-14457,496.45,39.1392,862,0,0,0,0,28,0,0,0,0,0,0,18571,0
,-213.72,370.607,-35.3887,882,70,0,0,0,10,0,0,0,0,0,0,18572,0
You must be at least level 30 to enter.,-6606.48,-3762.19,266.91,902,0,0,0,0,12,0,0,0,0,0,0,18573,0
,1190.35,840.587,13.4342,922,209,0,0,0,20,0,0,0,0,0,0,18574,0
You must be at least level 35 to enter.,-6773.49,-2889.77,15.1063,924,1,0,0,0,20,0,0,0,0,0,0,18575,0
,-4950.65,-1625.14,-3.0157,942,1,0,0,0,25,0,0,0,0,0,0,18576,0
,-4950.74,-1595.14,-3.0157,943,1,0,0,0,25,0,0,0,0,0,0,18577,0
,-4950.65,-1567.1,-3.0157,944,1,0,0,0,25,0,0,0,0,0,0,18578,0
,1909.27,1015.11,11.5155,962,209,0,0,0,10,0,0,0,0,0,0,18579,0
,-2372.51,-1991.64,120.975,982,1,0,0,0,35,0,0,0,0,0,0,18580,0
,898.482,922.688,126.788,1022,1,0,0,0,35,0,0,0,0,0,0,18581,0
,-7162.14,-3845.95,8.78193,1023,1,0,0,0,20,0,0,0,0,0,0,18582,0
,-4370.83,3289.15,23.7823,1024,1,0,0,0,35,0,0,0,0,0,0,18583,0
,-4461.92,242.578,45.2465,1025,1,0,0,0,0,52.67,20.53,14.19,3.56,1,0,18584,0
,357.22,-2106.09,121.839,1042,0,0,0,0,60,0,0,0,0,0,0,18585,0
,29.2427,-22.1812,10.5272,1064,249,0,0,0,30,0,0,0,0,0,0,18586,0
,-14468,457.513,15.9822,1103,0,0,0,0,2,0,0,0,0,0,0,18589,0
,-5096.76,750.205,260.55,1104,0,0,0,0,2,0,0,0,0,0,0,18590,0
,-377.056,44.05,-156.483,1105,90,0,0,0,15,0,0,0,0,0,0,18591,0
,-8561.54,823.383,106.519,1125,0,0,0,0,3,0,0,0,0,0,0,18592,0
,-295.639,-3460.68,193.884,1205,0,0,0,0,14,0,0,0,0,0,0,18593,0
,-496.854,42.6929,-91.1318,1306,109,0,0,0,25,0,0,0,0,0,0,18595,0
,-467.521,95.3083,-105,1326,109,0,0,0,7,0,0,0,0,0,0,18596,0
,4260.73,-6273.64,90.2289,1387,1,0,0,0,20,0,0,0,0,0,0,18597,0
,4277.58,-6296,95.5764,1388,1,0,0,0,20,0,0,0,0,0,0,18598,0
,-11204.5,-2730.61,14.8972,1426,0,0,0,0,2,0,0,0,0,0,0,18599,0
,-11079.7,-2855.64,10.6911,1427,0,0,0,0,2,0,0,0,0,0,0,18600,0
,-11208.1,-2960.48,9.21449,1428,0,0,0,0,2,0,0,0,0,0,0,18601,0
,-11337.4,-2848.93,9.34404,1429,0,0,0,0,2,0,0,0,0,0,0,18602,0
,-11185.1,-2834.63,116.474,1446,0,0,0,0,2,0,0,0,0,0,0,18603,0
,1811.05,700.976,15.294,1447,209,0,0,0,30,20,20,20,0,0,0,18604,0
You must be at least level 40 to enter.,-7176.63,-937.667,170.206,1466,0,0,0,0,13,0,0,0,0,0,0,18605,0
You must be at least level 45 to enter.,-7518.19,-1239.13,287.243,1468,0,0,0,0,10,0,0,0,0,0,0,18606,0
,73.5083,-215.044,52.3869,1470,229,0,0,0,10,0,0,0,0,0,0,18607,0
,456.969,48.368,-65.2753,1472,230,0,0,0,12,0,0,0,0,0,0,18608,0
,-7921.14,-2604.18,223.346,1506,0,0,0,0,8,0,0,0,0,0,0,18609,0
,596.432,-188.498,-50,1526,230,0,0,0,8,0,0,0,0,0,0,18610,0
,376.106,-191.242,-70.5449,1590,230,0,0,0,10,0,0,0,0,0,0,18612,0
,-6657.35,-2157.1,264.133,1606,0,0,0,0,30,0,0,0,0,0,0,18613,0
,3122.2,2324.64,-129.32,1626,269,0,0,0,70,0,0,0,0,0,0,18614,0
,-78.5819,-401.395,38.9428,1628,229,0,0,0,20,0,0,0,0,0,0,18615,0
,-907.865,-3534.24,83.7878,1646,0,0,0,0,30,0,0,0,0,0,0,18616,0
,-3464.71,-4120.93,17.0987,1667,1,0,0,0,9,0,0,0,0,0,0,18618,0
,319.974,-215.185,-77.9542,1686,230,0,0,0,10,0,0,0,0,0,0,18619,0
,-7286.01,-2125.06,-272.114,1726,1,0,0,0,12,0,0,0,0,0,0,18620,0
,-7208.42,-2027.09,-271.74,1727,1,0,0,0,12,0,0,0,0,0,0,18621,0
,-7170.02,-1852.79,-272.988,1728,1,0,0,0,12,0,0,0,0,0,0,18622,0
,-7395.19,-1735.68,-279.763,1729,1,0,0,0,12,0,0,0,0,0,0,18623,0
,-7449.9,-2111.57,-271.766,1730,1,0,0,0,12,0,0,0,0,0,0,18624,0
,-7463.35,-1957.64,-272.532,1731,1,0,0,0,12,0,0,0,0,0,0,18625,0
,-7509.58,-1946.56,-270.537,1732,1,0,0,0,12,0,0,0,0,0,0,18626,0
,-7516.87,-1829.76,-272.647,1733,1,0,0,0,12,0,0,0,0,0,0,18627,0
,-7594.12,-1771.62,-273.612,1734,1,0,0,0,12,0,0,0,0,0,0,18628,0
,-7748.9,-1721.14,-271.909,1735,1,0,0,0,12,0,0,0,0,0,0,18629,0
,-7768.61,-1957.63,-272.126,1736,1,0,0,0,12,0,0,0,0,0,0,18630,0
,-7612.56,-1930.87,-271.828,1737,1,0,0,0,12,0,0,0,0,0,0,18631,0
,-7952.2,-1792.01,-272.893,1738,1,0,0,0,12,0,0,0,0,0,0,18632,0
,-7895.29,-1623.62,-269.707,1739,1,0,0,0,12,0,0,0,0,0,0,18633,0
,-7874.18,-1806.3,-271.459,1740,1,0,0,0,12,0,0,0,0,0,0,18634,0
,411.617,-201.646,-65.1446,1746,230,0,0,0,10,0,0,0,0,0,0,18635,0
,-7308.7134,-2001.4731,-272.4505,1766,1,0,0,0,12,0,0,0,0,0,0,18636,0
,690.518,-280.052,-43.1969,1786,230,0,0,0,7,0,0,0,0,0,0,18637,0
,471.142,-9.34378,-69.7993,1826,230,0,0,0,10,0,0,0,0,0,0,18639,0
,1380.15,-554.604,-89.643,1827,230,0,0,0,20,0,0,0,0,0,0,18640,0
,497.399,13.2319,-70.1372,1828,230,0,0,0,10,0,0,0,0,0,0,18641,0
,6818.56,-391.735,40.123,1906,1,0,0,0,50,0,0,0,0,0,0,18642,0
,845.911,-317.369,-50.2868,1926,230,0,0,0,10,0,0,0,0,0,0,18643,0
,70.8611,-409.014,64.3477,1946,229,0,0,0,10,0,0,0,0,0,0,18644,0
,4988.97,547.002,5.37929,1966,1,0,0,0,11,0,0,0,0,0,0,18645,0
,91.0854,-408.374,64.3477,1986,229,0,0,0,10,0,0,0,0,0,0,18646,0
,109.608,-415.698,64.3477,1987,229,0,0,0,10,0.3333,0.3333,0.3333,0,0,0,18647,0
,153.763,-419.833,110.472,2026,229,0,0,0,20,0,0,0,0,0,0,18648,0
,102.43,-319.167,65.4635,2046,229,0,0,0,10,0,0,0,0,0,0,18649,0
,75.2622,-547.679,110.928,2066,229,0,0,0,30,0,0,0,0,0,0,18650,0
,26.4583,-522.471,110.943,2067,229,0,0,0,15,0,0,0,0,0,0,18651,0
,25.9285,-299.325,24.1095,2068,229,0,0,0,0,20,20,20,0,1,0,18652,0
,76.027,10.5043,-4.29659,2166,369,0,0,0,0,9.417,19,20.64,0,1,0,18654,0
,80.1633,2490.88,-1.85693,2171,369,0,0,0,10,0,0,0,0,0,0,18655,0
,-8346.46,514.031,96.5989,2173,0,0,0,0,10,0,0,0,0,0,0,18656,0
,-4840.26,-1330.46,508.172,2175,0,0,0,0,10,0,0,0,0,0,0,18657,0
,3673.6,-3633.87,139.943,2187,329,0,0,0,5,0,0,0,0,0,0,18658,0
,5483.9,-749.881,334.621,2206,1,0,0,0,30,0,0,0,0,0,0,18659,0
,5552.09,-683.813,335.25,2207,1,0,0,0,25,0,0,0,0,0,0,18660,0
,5587.02,-784.025,335.822,2208,1,0,0,0,23,0,0,0,0,0,0,18661,0
,3665.11,-3164.96,127.224,2209,329,0,0,0,10,0,0,0,0,0,0,18662,0
,3663.95,-3164.27,127.361,2210,329,0,0,0,10,0,0,0,0,0,0,18663,0
,6107.62,-4181.6,852.322,2211,1,0,0,0,2,0,0,0,0,0,0,18664,0
,5893.32,-4054.83,596.322,2213,1,0,0,0,2,0,0,0,0,0,0,18665,0
You must be at least level 45 to enter.,3237.46,-4060.6,112.01,2214,0,0,0,0,0,10,10,10,0,1,0,18666,0
You must be at least level 45 to enter.,3392.46,-3396.77,143.073,2216,0,0,0,0,0,22.83,8.083,34.69,0,1,0,18667,0
You must be at least level 45 to enter.,3392.56,-3361.78,142.802,2217,0,0,0,0,0,27.94,7.083,35.19,0,1,0,18668,0
,3584.78,-3632.05,142.118,2221,329,0,0,0,10,9.778,17.94,27.92,0,0,0,18669,0
,2.58019,-0.013587,-13.3668,2226,389,0,0,0,0,30.69,12.19,25.56,0,1,0,18670,0
You must be at least level 8 to enter.,1818.4,-4427.26,-10.4478,2230,1,0,0,0,0,21.69,11.83,21.22,0.576,1,0,18671,0
,1757.26,-1165.93,59.6025,2246,0,0,0,0,20,0,0,0,0,0,0,18672,0
,1855.13,-1569.22,59.1825,2248,0,0,0,0,20,0.3333,0.3333,0.3333,0,0,0,18673,0
,1462.13,-1864.02,58.7028,2250,0,0,0,0,20,0.3333,0.3333,0.3333,0,0,0,18674,0
,1668.12,-2282.56,59.2221,2252,0,0,0,0,20,0,0,0,0,0,0,18675,0
,245.587,1251.99,210.145,2266,1,0,0,0,40,0,0,0,0,0,0,18676,0
,-1596.16,3145.26,61.3618,2267,1,0,0,0,0,30.03,30.03,30.03,0,1,0,18677,0
,-5477.91,-2460.32,89.2837,2286,1,0,0,0,20,0,0,0,0,0,0,18678,0
,6687.99,-4670.07,723.891,2287,1,0,0,0,20,0,0,0,0,0,0,18679,0
,5018.91,-4563.94,851.75,2327,1,0,0,0,50,0,0,0,0,0,0,18681,0
,-9897.21,-3725.09,24.6671,2387,0,0,0,0,15,0,0,0,0,0,0,18685,0
,-287.071,2175.64,36.8861,2406,33,0,0,0,0,98.86,185.6,80.58,2.88,1,0,18686,0
,-315.991,2179.63,91.7542,2407,33,0,0,0,0,36.06,182.8,212.6,2.897,1,0,18687,0
,-232.372,2077.1,68.1177,2408,33,0,0,0,0,44.67,123.2,43.31,4.311,1,0,18688,0
,-255.273,2035.76,114.437,2409,33,0,0,0,0,59.69,228.5,169.4,4.328,1,0,18689,0
,-167.092,2104.22,73.4497,2410,33,0,0,0,0,53,114.7,17.08,6.021,1,0,18690,0
,-179.729,2079.37,42.6945,2411,33,0,0,0,0,19.03,162.1,187.1,6.091,1,0,18691,0
You must be in the Alliance and at least 51st level to enter.,97.432,-176.274,127.866,2412,0,0,0,0,0,10.56,16.5,22.17,5.253,1,0,18692,0
You must be in the Horde and at least 51st level to enter.,544.83,-1079.95,109.494,2413,0,0,0,0,0,12.17,19.06,12.06,3.822,1,0,18693,0
,-7474.01,-1286.34,431.304,2426,469,0,0,0,0,181.8,234.7,63.94,5.323,1,0,18694,0
,-7375.32,-1240.14,494.28,2427,469,0,0,0,0,53.86,189.9,77.06,0.733,1,0,18695,0
,-7568.4,-1375.66,468.508,2428,469,0,0,0,0,225.3,75.97,132.2,5.341,1,0,18696,0
,-7412.97,-1371.59,413.426,2429,469,0,0,0,0,243.3,72.94,245.9,3.787,1,0,18697,0
,6207.5,-152.833,79.8185,2486,1,0,0,0,15,0,0,0,0,0,0,18700,0
You must be a member of the Horde in order to enter the Hall of Legends.,1643.36,-4233.6,56.1557,2527,1,0,0,0,0,12.44,11.94,15.08,5.777,1,0,18702,0
,215.194,71.157,30.1276,2530,450,0,0,0,0,10,10,10,3.595,1,0,18703,0
You must be part of the Alliance to enter the Champions' Hall.,-8768.525,409.83566,103.92065,2532,0,0,0,0,0,8.833,4.333,7.833,2.251,1,0,18704,0
,-0.358041,-1.97986,-0.255884,2534,449,0,0,0,0,7.306,3.833,6.194,0,1,0,18705,0
,332.866,94.3108,92.2221,2547,289,0,0,0,0,8.194,38.44,60.42,0,1,0,18706,0
,322.884,112.137,98.6726,2548,289,0,0,0,0,11.25,37.44,44.03,0.8029,1,0,18707,0
,325.184,75.6181,93.8744,2549,289,0,0,0,0,9.694,31.42,54.17,5.236,1,0,18708,0
You must be at least level 45 to enter.,1282.05,-2548.73,85.3994,2567,0,0,0,0,0,10.56,13.03,21.67,0.4712,1,0,18709,0
,182.265,126.45,143.707,2568,289,0,0,0,0,12.33,8.889,16.39,0,1,0,18710,0
,2343.57,-2569,118.827,2610,1,0,0,0,30,0,0,0,0,0,0,18713,0
,1756.79,-1200.15,60.7352,2626,0,0,0,0,20,0,0,0,0,0,0,18714,0
,1723.32,-1198.38,60.0096,2627,0,0,0,0,20,0,0,0,0,0,0,18715,0
,1723.1,-1166.71,59.5775,2628,0,0,0,0,20,0,0,0,0,0,0,18716,0
,1879.5985,-1546.0826,59.03011,2629,0,0,0,0,20,0,0,0,0,0,0,18717,0
,1903,-1570.26,59.7035,2630,0,0,0,0,20,0,0,0,0,0,0,18718,0
,1878.08,-1593.74,59.4739,2631,0,0,0,0,20,0,0,0,0,0,0,18719,0
,1487.03,-1840.91,58.6675,2632,0,0,0,0,20,0,0,0,0,0,0,18720,0
,1510.46,-1863.24,59.106,2633,0,0,0,0,20,0,0,0,0,0,0,18721,0
,1485.61,-1888.69,59.0902,2634,0,0,0,0,20,0,0,0,0,0,0,18722,0
,1681.1168,-2250.932,59.02112,2635,0,0,0,0,20,0,0,0,0,0,0,18723,0
,1712.75,-2263.28,64.0889,2636,0,0,0,0,20,0,0,0,0,0,0,18724,0
,1700.25,-2295.36,58.9846,2637,0,0,0,0,20,0,0,0,0,0,0,18725,0
,2841.81,-1544.52,190.516,2647,0,0,0,0,7,0,0,0,0,0,0,18726,0
,2964.56,-2712.89,98.7446,2706,0,0,0,0,10,0.3333,0.3333,0.3333,0,0,0,18729,0
,2980.1,-2720.92,99.9337,2707,0,0,0,0,10,0.2778,0.2778,0.2778,0,0,0,18730,0
,1868.96,-3223.39,123.065,2726,0,0,0,0,35,0,0,0,0,0,0,18731,0
,-8821.36,633.297,94.0758,2746,0,0,0,0,15,0.2778,0.2778,0.2778,0,0,0,18732,0
,-9050.87,445.458,93.0558,2786,0,0,0,0,1,0.2778,0.2778,0.2778,0,0,0,18733,0
"You must be part of a Raid group, at least level 50 and have the Drakefire Amulet in your inventory to enter.",-4768.61,-3752.11,53.4317,2848,1,0,0,0,16,0,0,0,0,0,0,18734,0
You must be part of a Raid group and at least level 50 to enter.,1097.99,-466.494,-96.0719,2886,230,0,0,0,20,0,0,0,0,0,0,18736,0
,1115.22,-462.959,-95.0148,2890,409,0,0,0,20,0,0,0,0,0,0,18737,0
,1999.15,-1121.28,97.3537,2926,1,0,0,0,9,0,0,0,0,0,0,18738,0
,2.00575,402.673,101.012,2946,1,0,0,0,45,0,0,0,0,0,0,18739,0
,40.9673,-1490.37,174.516,3066,0,0,0,0,8,0,0,0,0,0,0,18744,0
,-30.0533,-1576.5,194.453,3106,0,0,0,0,5,0,0,0,0,0,0,18745,0
,756.878,-633.96,-32.8191,3126,349,0,0,0,0,15.94,26.44,44.14,1.641,1,0,18746,0
,1005.02,-460.539,-43.2507,3131,349,0,0,0,0,10.14,31.42,23.42,0.01745,1,0,18747,0
You must be at least level 30 to enter.,-1484.07,2617.57,75.7144,3133,1,0,0,0,0,24.69,15.78,35.19,4.538,1,0,18748,0
You must be at least level 30 to enter.,-1181.98,2861.95,85.2581,3134,1,0,0,0,0,31.69,17.33,34.19,3.211,1,0,18749,0
,-7180.94,441.137,26.5449,3146,1,0,0,0,10,0.2778,0.2778,0.2778,0,0,0,18750,0
You must be at least level 45 to enter.,-3730.48,933.975,160.973,3183,1,0,0,0,0,9.389,12.78,19.67,0,1,0,18751,0
You must be at least level 45 to enter.,-3981.58,771.193,160.962,3184,1,0,0,0,0,10.31,5.972,20.22,0,1,0,18752,0
You must be at least level 45 to enter.,-4028.21,123.966,26.8109,3185,1,0,0,0,0,9.833,4.583,15.69,0.4712,1,0,18753,0
You must be at least level 45 to enter.,-3837.79,1250.23,160.223,3186,1,0,0,0,0,8.194,9.083,18.36,0,1,0,18754,0
You must be at least level 45 to enter.,-3741.96,1249.18,160.217,3187,1,0,0,0,0,7.861,10.33,18.69,0,1,0,18755,0
You must be at least level 45 to enter.,-3520.65,1068.72,161.128,3189,1,0,0,0,0,9.861,11.86,23.22,0,1,0,18756,0
,-55.9658,159.867,-3.46206,3190,429,0,0,0,0,7.222,10.08,19.56,0,1,0,18757,0
,24.5609,159.45,-3.46677,3191,429,0,0,0,0,7.694,9.694,21.61,0,1,0,18758,0
,255.249,-9.05606,-2.58737,3193,429,0,0,0,0,8.333,8.583,20.72,0,1,0,18759,0
,37.4499,-154.822,-2.71201,3194,429,0,0,0,0,8.917,9.167,19.44,0,1,0,18760,0
,-202.664,-314.876,-2.72353,3195,429,0,0,0,0,9.806,10.17,17.44,0,1,0,18761,0
,4.31119,-837.085,-33.0405,3196,429,0,0,0,0,6.167,11.44,22.94,0,1,0,18762,0
,194.351,-240.821,-25.6307,3197,429,0,0,0,0,12.86,8.333,25.33,1.117,1,0,18763,0
,-767.073,-358.703,68.658,3326,30,0,0,0,5,5.028,5.028,5.028,1.466,0,0,18765,0
,-1221.35,-352.877,57.7212,3327,30,0,0,0,5,5,5,5,0,0,0,18766,0
,-1305.24,-268.868,92.0223,3328,30,0,0,0,5,5,5,5,0,0,0,18767,0
,213.923,-373.737,56.3891,3329,30,0,0,0,5,0.3333,0.3333,0.3333,0,0,0,18768,0
,326.26987,-503.78906,71.14377,3330,30,0,0,0,4,0.3333,0.3333,0.3333,0,0,0,18769,0
,683.107,-129.846,63.5983,3331,30,0,0,0,5,0.3333,0.3333,0.3333,0,0,0,18770,0
,2832.07,-1540.48,190.165,3366,0,0,0,0,7,0,0,0,0,0,0,18771,0
,2843.4,-1553.26,190.721,3367,0,0,0,0,7,0,0,0,0,0,0,18772,0
,580.754,487.506,29.4641,3506,429,0,0,0,8,17,17,17,0,0,0,18774,0
,580.657,475.885,29.4641,3507,429,0,0,0,8,0,0,0,0,0,0,18775,0
,592.507,486.31,29.4641,3508,429,0,0,0,8,0,0,0,0,0,0,18776,0
,591.92,476.404,29.4641,3509,429,0,0,0,8,0,0,0,0,0,0,18777,0
You must be attuned and in a raid group to enter.,-7510.87,-1035.87,182.952,3528,0,0,0,0,0,3.833,0.3611,2.056,0.7156,1,0,18779,0
,-7512.16,-1034.78,177.208,3529,0,0,0,0,4,0,0,0,0,0,0,18780,0
,-8536.18,452.165,104.917,3530,0,0,0,0,10,0.3333,0.3333,0.3333,0,0,0,18781,0
,9933.94,2500.98,1317.82,3546,1,0,0,0,12,0,0,0,0,0,0,18783,0
,1642.1,239.843,62.5916,3547,0,0,0,0,13,0,0,0,0,0,0,18784,0
,-4754.56,-3313.8,313.564,3548,0,0,0,0,14,0,0,0,0,0,0,18785,0
,1253.79,-2227.52,92.248,3549,1,0,0,0,15,0,0,0,0,0,0,18786,0
,-959.299,-3759.21,4.98619,3550,1,0,0,0,10,0,0,0,0,0,0,18787,0
,-998.183,-3822.07,5.2954,3551,1,0,0,0,10,0,0,0,0,0,0,18788,0
,-11413.6,1954.91,14.2409,3552,0,0,0,0,22,0,0,0,0,0,0,18789,0
,6221.84,-1152.75,383.231,3586,1,0,0,0,4,0,0,0,0,0,0,18791,0
,6221.89,-1153,383.272,3587,1,0,0,0,5,0,0,0,0,0,0,18792,0
,-7514.81,-1033.12,163.806,3606,0,0,0,0,10,0,0,0,0,0,0,18793,0
,-7529.1,-1007.19,408.565,3626,469,0,0,0,10,0,0,0,0,0,0,18794,0
,1532.0667,1151.6667,373.975,3649,489,0,0,0,10,0,0,0,0,0,0,18797,0
You must be in the Alliance and at least 10th level to enter.,1422.33,-1855.33,135.775,3650,1,0,0,0,0,6.583,4.833,6.944,3.037,1,0,18798,0
You must be in the Horde and at least 10th level to enter.,1034.19,-2087.74,123.372,3654,1,0,0,0,0,5.972,9.333,18.31,1.588,1,0,18799,0
,1449.7667,1470.5667,342.625,3686,489,0,0,0,4,0,0,0,0,0,0,18804,0
,1005.2667,1447.2667,335.893,3687,489,0,0,0,4,0,0,0,0,0,0,18805,0
,-622.142,-4582.14,22.5761,3690,0,0,0,0,0,27.39,27.17,21.64,3.194,1,0,18806,0
,1316.9667,1550.9677,313.234,3706,489,0,0,0,4,0,0,0,0,0,0,18807,0
,1319.7667,1378.6667,314.753,3707,489,0,0,0,4,0,0,0,0,0,0,18808,0
,1112.64,1351.11,316.619,3708,489,0,0,0,4,0,0,0,0,0,0,18809,0
,1140.0667,1560.7667,306.824,3709,489,0,0,0,4,0,0,0,0,0,0,18810,0
You must be part of a raid group and at least 50th level to enter.,178.729,-474.412,120.565,3726,229,0,0,0,0,3.806,7.917,7.889,0,1,0,18811,0
,-7676.11,-1109.71,399.123,3728,469,0,0,0,0,2.472,8.694,5.083,3.752,1,0,18812,0
,-29.5547,-374.503,59.3562,3746,36,0,0,0,6,0,0,0,0,0,0,18813,0
,-108.563,160.915,-79.7911,3766,43,0,0,0,9,0,0,0,0,0,0,18814,0
,-7663.4,-1218.37,287.788,3847,0,0,0,0,3,0,0,0,0,0,0,18818,0
,1185.45,1184.71,-56.3633,3866,529,0,0,0,4,0,0,0,0,0,0,18819,0
,817.939,842.369,-56.5406,3867,529,0,0,0,4,0,0,0,0,0,0,18820,0
,809.0077,1185.2775,11.921605,3868,529,0,0,0,4,0,0,0,0,0,0,18821,0
,1147.01,816.854,-98.399,3869,529,0,0,0,5,0,0,0,0,0,0,18822,0
,989.852,1009.16,-42.6033,3870,529,0,0,0,4,0,0,0,0,0,0,18823,0
,-12432.8,205.169,2.36515,3886,0,0,0,0,18,0,0,0,0,0,0,18828,0
,-11594.1,-1621.37,47.1446,3926,309,0,0,0,15,0,0,0,0,0,0,18829,0
You must be part of a Raid group and at least level 50 to enter.,-11915.8,-1236.43,96.1502,3928,0,0,0,0,10,0,0,0,0,0,0,18831,0
,-11917,-1221,97.5616,3930,309,0,0,0,10,0,0,0,0,0,0,18832,0
You must be in the Alliance and at least 20th level to enter.,-1189.27,-2532.19,22.705,3953,0,0,0,0,0,7.5,13.5,17.31,0.03491,1,0,18836,0
You must be in the Horde and at least 20th level to enter.,-811.425,-3505.82,73.1377,3954,0,0,0,0,0,5.167,14.31,16.92,0.6632,1,0,18837,0
,-11918.6,-1433.95,44.545,3956,309,0,0,0,15,0,0,0,0,0,0,18839,0
,-11916.8,-1256.7,92.5434,3957,309,0,0,0,0,7.806,11.17,0.3333,0,1,0,18840,0
,-11915.044,-1312.6764,77.501915,3958,309,0,0,0,10,0.2778,0.2778,0.2778,0,0,0,18841,0
,-11945.688,-1597.6073,36.756897,3959,309,0,0,0,10,0,0,0,0,0,0,18842,0
,-11788.9,-1595.06,36.9989,3960,309,0,0,0,10,0,0,0,0,0,0,18843,0
,-11614.2,-1361.51,76.84,3961,309,0,0,0,15,0,0,0,0,0,0,18844,0
,-11957.6,-1819.97,54.3114,3962,309,0,0,0,15,0,0,0,0,0,0,18845,0
,-12112.9,-1794.63,80.4163,3963,309,0,0,0,15,0,0,0,0,0,0,18846,0
,-11791,-1562.86,19.742,3964,309,0,0,0,10,0,0,0,0,0,0,18847,0
,-11610,-1749.86,38.7342,3965,309,0,0,0,20,0,0,0,0,0,0,18848,0
,-12072.3,-1479.05,106.495,3966,309,0,0,0,10,0,0,0,0,0,0,18849,0
,-6864.98,731.612,50,3985,1,0,0,0,20,0,0,0,0,0,0,18858,0
Anachros Has Returned,-8215.09,-4622.04,7.53195,3986,1,0,0,0,40,0,0,0,0,0,0,18859,0
,1733.32,526.474,34.2494,3991,0,0,0,0,35,0,0,0,0,0,0,18862,0
,-8419.58,1504.28,31.7356,4006,509,0,0,0,0,18,41.81,40.5,5.794,1,0,18865,0
"You cannot enter here unless the gates of Ahn'Qiraj have been opened, you are level 50+, and in a raid group.",-8424.94,1508.65,32.0142,4008,1,0,0,0,0,12.14,50.06,35.64,2.635,1,0,18866,0
"You cannot enter here unless the gates of Ahn'Qiraj have been opened, you are level 50+, and in a raid group.",-8230.4,2005.33,129.863,4010,1,0,0,0,0,16.69,31.19,46.58,0.925,1,0,18867,0
,-8231.33,2003.6,129.861,4012,531,0,0,0,0,38.89,10.31,81.64,5.655,1,0,18868,0
,5085.82,-5110.64,929.979,4015,1,0,0,0,6,0,0,0,0,0,0,18869,0
,-662.106,3.83105,-90.8351,4016,109,0,0,0,20,0,0,0,0,0,0,18870,0
,-10636.2,-391.307,101.878,4017,0,0,0,0,10,0,0,0,0,0,0,18871,0
,1313.93,1310.77,-7.70487,4020,529,0,0,0,0,6.333,6.361,7.583,0,1,0,18873,0
,683.961,681.23,-12.9158,4021,529,0,0,0,0,5.472,5.5,4.722,0,1,0,18874,0
,-5049.34,-818.454,495.295,4026,0,0,0,0,2,0,0,0,0,0,0,18875,0
,1332.27,-4607.67,24.3695,4027,1,0,0,0,2,0,0,0,0,0,0,18876,0
,2051.36,272.572,57.1634,4028,0,0,0,0,2,0,0,0,0,0,0,18877,0
,-14294.3,516.088,8.95399,4029,0,0,0,0,2,0,0,0,0,0,0,18878,0
,-3755.105,-775.7048,9.88801,4030,0,0,0,0,2,0,0,0,0,0,0,18879,0
,-7166.06,-3917.94,9.39558,4031,1,0,0,0,2,0,0,0,0,0,0,18880,0
,-8823.48,540.301,96.9036,4032,0,0,0,0,2,0,0,0,0,0,0,18881,0
,-8546.23,1987.65,-96.5207,4033,531,0,0,0,5,0,0,0,0,0,0,18882,0
,-8545.679,1987.7014,-32.939228,4034,531,0,0,0,15,0,0,0,0,0,0,18883,0
,-8578,1986.8,100.22,4036,531,0,0,0,7,0,0,0,0,0,0,18884,0
,-8967.96,1312.62,-104.696,4047,531,0,0,0,20,0.2778,0.2778,0.2778,0,0,0,18891,0
,-8176.83,1673.37,-32.2183,4052,531,0,0,0,0,19.42,48.11,26.42,6.091,1,0,18892,0
"You must be level 51+, in a Raid group, and be attuned to Naxxramas to enter.",3133.15,-3730.29,138.659,4055,0,0,0,0,0,10.03,10.03,10.03,0,1,0,18894,0
,3133.26,-3730.84,138.658,4057,0,0,0,0,0,10.03,10.03,10.03,0,1,0,18895,0
,2298.17,-5340.98,90.8799,4058,0,0,0,0,0,33.5,17.69,24.56,2.182,1,0,18896,0
,7922.68,-6501.51,47.3623,4064,530,0,0,0,30,0,0,0,0,0,0,26483,0
,7567.67,-7359.47,161.738,4071,530,0,0,0,20,0,0,0,0,0,0,26484,0
,864.623,1321.6,18.0683,4089,189,0,0,0,5,0,0,0,0,0,0,18897,0
,2716.6,1496.82,236.828,4090,1,0,0,0,30,0,0,0,0,0,0,18898,0
,-9061.93,349.758,93.0821,4092,0,0,0,0,6,6,6,6,0,0,0,18899,0
,-9118.96,327.822,93.1587,4094,0,0,0,0,6,0,0,0,0,0,0,18900,0
,-9182.62,414.857,89.5576,4095,0,0,0,0,6,6,6,6,0,0,0,18901,0
,-9218.13,318.627,73.8841,4096,0,0,0,0,6,0,0,0,0,0,0,18902,0
,-5163.25,-645.922,397.015,4098,0,0,0,0,6,0,0,0,0,0,0,18903,0
,-5175.19,-588.085,397.988,4099,0,0,0,0,6,0,0,0,0,0,0,18904,0
,1979.99,305.252,41.1865,4100,0,0,0,0,6,0,0,0,0,0,0,18905,0
,1217.97,-4339.3,25.9124,4101,1,0,0,0,6,0.2778,0.2778,0.2778,0,0,0,18906,0
,1169.55,-4320.06,20.8756,4102,1,0,0,0,6,0.3333,0.3333,0.3333,0,0,0,18907,0
,-1545.39,51.3006,5.39339,4103,1,0,0,0,6,0.2778,0.2778,0.2778,0,0,0,18908,0
,9914.17,1864.67,1321.26,4104,1,0,0,0,6,0,0,0,0,0,0,18909,0
,9948.01,1932.53,1328.7,4105,1,0,0,0,6,0,0,0,0,0,0,18910,0
,7557.31,-6889.65,96.0266,4108,530,0,0,0,13,0.2778,0.2778,0.2778,0,0,0,26485,0
,7557.44,-6888.65,115,4109,530,0,0,0,0,32.19,57.78,8.056,4.241,1,0,26486,0
,3716.38,-5106.78,141.29,4112,533,0,0,0,10,0,0,0,0,0,0,18911,0
,3432.81,-3007.21,295.609,4113,533,0,0,0,10,0,0,0,0,0,0,18912,0
,3432.3,-3007.28,295.609,4114,533,0,0,0,10,0,0,0,0,0,0,18913,0
,3322.74,-3700.38,262.701,4115,533,0,0,0,20,0,0,0,0,0,0,18914,0
,2740,-3383.42,267.685,4116,533,0,0,0,10,0,0,0,0,0,0,18915,0
,2917.03,-3344.55,298.146,4117,533,0,0,0,12,0,0,0,0,0,0,18916,0
,3214.34,-3476.68,287.072,4119,533,0,0,0,10,0,0,0,0,0,0,18917,0
You must be at least level 68 to enter.,-11101.9,-1998.12,49.3307,4131,0,0,0,0,0,20.08,13.83,14.69,0.6981,1,0,26487,0
You must be at least level 68 to enter.,-11041.9,-1995.01,93.0334,4135,0,0,0,0,0,8.972,5.583,13.33,5.376,1,0,26488,0
,-41.748,-32.4536,-13.5294,4145,540,0,0,0,0,10.69,7.667,15.42,1.466,1,0,26489,0
,0.276847,27.549,-44.7585,4147,542,0,0,0,0,6.444,7.361,18.25,1.222,1,0,26490,0
,189.018,57.1028,68.1077,4149,544,0,0,0,0,25.31,26.56,32.06,0,1,0,26491,0
You must be at least level 55 to enter.,-365.611,3087.62,-14.5594,4150,530,0,0,0,0,11.44,12.22,15.58,1.798,1,0,26492,0
You must be at least level 65 to enter.,-310.211,3091.59,-4.15263,4151,530,0,0,0,0,8.333,6.972,17.44,1.466,1,0,26493,0
You must be at least level 55 to enter.,-307.251,3170.51,28.9144,4152,530,0,0,0,0,6.972,13.75,15.36,2.147,1,0,26494,0
You must be at least level 65 and in a raid group to enter.,-309.678,3079.12,-116.571,4153,530,0,0,0,0,9.444,15.44,17.94,5.184,1,0,26495,0
,3006.09,-3434.17,306.195,4156,533,0,0,0,6,0.2778,0.2778,0.2778,0,0,0,18929,0
,3754.55,-5115.36,142.435,4158,533,0,0,0,0,30.72,19.22,16.89,6.074,1,0,18930,0
,-7142.04,1397.92,4.32689,4162,1,0,0,0,4,0,0,0,0,0,0,18931,0
,-7588.48,756.806,-16.4248,4168,1,0,0,0,4,0,0,0,0,0,0,18934,0
,-17.6081,3803.61,94.0948,4170,530,0,0,0,10,0,0,0,0,0,0,26496,0
,-28.071884,-5.202989,-10.890538,4182,540,0,0,0,0,4.278,4.278,4.417,3.648,1,0,26497,0
,-23.701105,-2.835872,-11.094698,4183,540,0,0,0,0,3.583,4.083,4.583,3.683,1,0,26498,0
,-3849.14,-12812.3,9.60385,4186,530,0,0,0,3,0.2778,0.2778,0.2778,0,0,0,26499,0
,1782.2,151.592,-62.2903,4189,0,0,0,0,1,0,0,0,0,0,0,18937,0
,-11038.6,-1969.2,96.472,4191,532,0,0,0,0,3.944,4.444,0.3333,3.054,1,0,26501,0
,327.363,-153.923,-17.9831,4200,542,0,0,0,0,3.5,15.67,15.81,4.66,1,0,26502,0
,326.418,-160.035,-19.7136,4201,542,0,0,0,0,2.861,18.42,13.06,1.518,1,0,26503,0
,-11178.6,-1896.35,232.009,4216,532,0,0,0,10,0,0,0,0,0,0,26509,0
,9336.22,-7883.46,74.9095,4233,530,0,0,0,2,0,0,0,0,0,0,26510,0
,-4133.42,-12471.8,44.5721,4240,530,0,0,0,15,0,0,0,0,0,0,26511,0
,-2058.16,-11895,46.1452,4241,530,0,0,0,15,0,0,0,0,0,0,26512,0
,-11171.9,-1908.02,232.009,4242,532,0,0,0,15,0,0,0,0,0,0,26513,0
,-329.146,2890.05,-52.8272,4252,530,0,0,0,5,0.3333,0.3333,0.3333,0,0,0,26515,0
,1693.77,1053.34,18.725,4261,189,0,0,0,5,0,0,0,0,0,0,18938,0
,1617.18,-323.432,18.6778,4262,189,0,0,0,5,0,0,0,0,0,0,18939,0
,269.061,-211.903,19.201,4263,189,0,0,0,5,0,0,0,0,0,0,18940,0
,8701.48,-6636.8,64,4265,530,0,0,0,15,0,0,0,0,0,0,26521,0
,9285.97,-7916.01,176.13,4267,530,0,0,0,2,0,0,0,0,0,0,26522,0
,-1163.69,-11828.7,28.8506,4280,530,0,0,0,100,0,0,0,0,0,0,26523,0
,331.801,-331.266,22.1883,4281,546,0,0,0,25,0,0,0,0,0,0,26524,0
,-2023.58,7118.58,22.3164,4288,269,0,0,0,20,0,0,0,0,0,0,26525,0
,-111.149,8751.44,18.6635,4291,530,0,0,0,60,0,0,0,0,0,0,26526,0
,330.185,-384.734,48.2591,4292,546,0,0,0,0,31.53,14.22,12.56,3.334,1,0,26527,0
,-751.146,5918.37,15.4162,4293,530,0,0,0,80,174.1,249.5,159.1,0,0,0,26528,0
,-139.877,-753.076,37.9013,4295,547,0,0,0,0,12.75,43.36,28,0.192,1,0,26529,0
,-1360.18,1631.94,68.437,4297,543,0,0,0,0,8.222,11.78,19.25,4.154,1,0,26530,0
,565.372,6944.28,-14.3311,4298,530,0,0,0,0,29.39,36.64,33.11,0,1,0,26531,0
,-201.4,5515.04,22.1213,4300,530,0,0,0,0,8.583,8.583,14.72,0.2618,1,0,26532,0
,-383.098,7257.32,55.4701,4301,530,0,0,0,10,0,0,0,0,0,0,26533,0
,234.98,-379.276,72.5221,4302,546,0,0,0,10,0.3333,0.3333,0.3333,0,0,0,26534,0
,162.528,-459.92,73.7029,4303,546,0,0,0,20,0.2778,0.2778,0.2778,0,0,0,26535,0
,-1070,1732,35,4304,543,0,0,0,0,294,292.6,82.61,3.211,1,0,26536,0
,4162.02,-4227.07,869.185,4311,534,0,0,0,0,11.17,25.31,35.06,3.054,1,0,26537,0
,4284.15,-4138.85,866.811,4312,534,0,0,0,0,20.31,21.25,21.97,0.3316,1,0,26538,0
,4203.64,-4103.24,878.363,4313,534,0,0,0,0,26.28,14.33,22.94,0.2793,1,0,26539,0
You must be at least level 65 and  in a raid group to enter. You must also have The Burning Crusade installed.,-8158.9,-4155.65,-163.341,4319,1,0,0,0,0,27.58,28.61,30.69,0.9599,1,0,26540,0
You must first save Thrall in Old Hillsbrad by helping him escape from Durnholde Keep before you may enter the Black Morass. You must also have The Burning Crusade installed.,-8777.39,-4156.92,-208.068,4320,1,0,0,0,0,28.44,55.08,51.94,1.92,1,0,26541,0
"You must first complete the quest, ""The Caverns of Time,"" before you may enter Old Hillsbrad. You must also have The Burning Crusade installed.",-8326.27,-4047.44,-207.522,4321,1,0,0,0,0,40.83,21.44,112.4,2.199,1,0,26542,0
,-1498.38,7017.88,33.2587,4322,269,0,0,0,0,58.31,24.06,71.67,2.95,1,0,26543,0
,4273.8,-4235.81,866.12,4323,534,0,0,0,0,17.17,15.61,30.08,6.004,1,0,26544,0
,2768.3,1292.79,13.6358,4324,560,0,0,0,0,15.08,59.83,38.81,5.969,1,0,26545,0
,-2336.63,-11971.4,32.5743,4326,530,0,0,0,40,0,0,0,0,0,0,26546,0
,192.903,2607.37,87.2835,4336,530,0,0,0,20,0.2778,0.2778,0.2778,0,0,0,26548,0
,-704.893,2733.99,100,4337,530,0,0,0,0,26.42,55.06,25.44,0,1,0,26549,0
,9851.13,-7500.49,-4.00157,4339,530,0,0,0,10,0,0,0,0,0,0,26550,0
,5189.88,-3397.64,1635.05,4341,534,0,0,0,100,0,0,0,0,0,0,26551,0
,-3544.86,4008.9,86.294,4345,530,0,0,0,125,0,0,0,0,0,0,26552,0
,181.405,220.67,-20.122,4347,540,0,0,0,30,0.3333,0.3333,0.3333,0,0,0,26554,0
,-248.243,1042.73,54.3183,4356,530,0,0,0,50,0.2778,0.2778,0.2778,0,0,0,26557,0
You must be at least level 55 to enter.,782.879,6741.94,-72.5406,4363,530,0,0,0,0,29.83,7.833,33.86,3.211,1,0,26558,0
You must be at least level 65 to enter.,818.487,6951.3,-80.5704,4364,530,0,0,0,0,30.58,7.833,29.69,0,1,0,26559,0
You must be at least level 55 to enter.,745.839,7015.27,-72.1185,4365,530,0,0,0,0,12.19,35.86,24.08,0,1,0,26560,0
,-29.3038,4.54638,-4.30645,4366,545,0,0,0,0,11.86,35.25,31.44,0,1,0,26561,0
,3.96863,-8.23096,-2.75157,4367,546,0,0,0,0,22.39,8.306,22.75,0.5236,1,0,26562,0
,-1511.62,8528.24,3.19522,4369,530,0,0,0,80,0,0,0,0,0,0,26564,0
,-711.7543,7885.953,46.37338,4370,530,0,0,0,100,0,0,0,0,0,0,26565,0
,-790.687,7719.68,49.4336,4371,530,0,0,0,80,0,0,0,0,0,0,26566,0
,-1338.25,7223.77,37.687,4372,530,0,0,0,100,0,0,0,0,0,0,26567,0
,229.352,7933.05,35,4373,530,0,0,0,0,32.92,36.19,20.89,2.758,1,0,26568,0
,282.22,6099,132.479,4374,530,0,0,0,0,49.69,21.56,35.11,0,1,0,26569,0
,-1224.93,7158.39,57.2651,4375,530,0,0,0,32,0.2778,0.2778,0.2778,0,0,0,26570,0
,-2734.68,7308.69,71.4098,4376,530,0,0,0,0,134.5,67.61,106.6,2.74,1,0,26571,0
,-2912.374,4024.9111,0.425284,4377,530,0,0,0,14,16.47,43.83,25.03,2.985,0,0,26572,0
,-2620.05,4461.38,36.0934,4378,530,0,0,0,32,0.2778,0.2778,0.2778,0,0,0,26573,0
,120.382,-144.004,-0.315267,4379,547,0,0,0,0,29.86,12.94,29.42,0,1,0,26574,0
,-573.995,4147.89,68.5199,4380,530,0,0,0,13,0,0,0,0,0,0,26575,0
,218.737,4333.86,119.044,4381,530,0,0,0,15,0,0,0,0,0,0,26576,0
,-172.55484,5524.599,29.407532,4382,530,0,0,0,0,18.81,27.25,19.97,5.027,1,0,26577,0
,1060.5065,7372.8057,39.342094,4383,530,0,0,0,20,0.2778,0.2778,0.2778,0,0,0,26578,0
,6107.26,-6990.64,137.317,4386,530,0,0,0,0,42.14,18.64,45.67,0.6632,1,0,26579,0
,-2072.47,5278.43,-37.3235,4389,530,0,0,0,5,0,0,0,0,0,0,26580,0
,13.2373,-0.036384,-1.1279,4397,555,0,0,0,0,11.5,16.94,22.22,0,1,0,26582,0
,-14.3811,-0.530536,0.007507,4399,556,0,0,0,0,12.75,27.69,28.5,0,1,0,26583,0
,13.0691,1.37188,-0.954291,4401,557,0,0,0,0,13.75,22.11,29.5,0,1,0,26584,0
,-33.9297,0.44254,-0.120535,4403,558,0,0,0,0,11.61,23.64,25.58,0,1,0,26585,0
You must be at least level 55 to enter.,-3361.55,5236.87,-101.048,4404,530,0,0,0,0,26.33,11.44,19.61,0,1,0,26586,0
You must be at least level 55 to enter.,-3068.13,4942.8,-101.048,4405,530,0,0,0,0,12.33,22.19,27.08,0,1,0,26587,0
You must be at least level 55 to enter.,-3362.35,4650.31,-101.048,4406,530,0,0,0,0,25.22,9.611,23.81,0,1,0,26588,0
You must be at least level 65 to enter.,-3656.05,4943.11,-101.048,4407,530,0,0,0,0,12.19,23.86,26.67,0,1,0,26589,0
,3483.58,-4510.19,138.138,4409,0,0,0,0,0,27.5,67.33,45.97,5.306,1,0,26590,0
,-1852.67,5070.02,-32.1938,4410,530,0,0,0,7,0,0,0,0,0,0,26591,0
,4160.23,3051.61,337.03,4415,530,0,0,0,14,0.2778,0.2778,0.2778,0,0,0,26592,0
You must be at least level 70 and in a raid group to enter the Serpentshrine.,843.885,6865.24,-66.9898,4416,530,0,0,0,0,12.47,22.08,41.08,0,1,0,26593,0
,-13.0809,1.48145,824.931,4418,548,0,0,0,0,21.47,24.03,47.19,0,1,0,26594,0
,3044.15,3611.4,143.506,4422,530,0,0,0,4.5,0,0,0,0,0,0,26595,0
,-1636.51,5301.06,-40.2092,4425,530,0,0,0,0,24.31,23.28,11.83,0,1,0,26597,0
,-1831.11,5363.22,-12.4281,4426,530,0,0,0,0,8.278,11.78,16.78,2.147,1,0,26598,0
,-1659.58,5341.87,-46.9202,4427,530,0,0,0,0,11.61,16.61,12.11,2.077,1,0,26599,0
,-1669.8677,5424.9976,-38.826454,4428,530,0,0,0,0,16.42,13.06,10.69,0,1,0,26600,0
,-1871.0577,5304.6626,-12.428138,4429,530,0,0,0,0,17.92,27.58,21.83,0,1,0,26601,0
,-1979.2913,5414.7153,-12.428136,4430,530,0,0,0,0,29.42,12.81,20.72,0.1396,1,0,26602,0
,-1877.93,5546.75,-12.4281,4431,530,0,0,0,0,10.03,20.56,16.17,0,1,0,26603,0
,-2013.46,5479.83,3.71789,4432,530,0,0,0,0,6.222,27.94,10.97,2.862,1,0,26604,0
,-2020.33,5481.89,3.2858,4433,530,0,0,0,0,6.861,17.06,11.33,2.862,1,0,26605,0
,-1812.73,5588.32,3.28578,4434,530,0,0,0,0,5.333,33.72,10.03,1.187,1,0,26606,0
,-1815.88,5577.89,3.71787,4435,530,0,0,0,0,14.31,34.11,7.444,1.187,1,0,26607,0
,-11118.4,-2007.95,47.0803,4436,532,0,0,0,0,17.36,33.69,21.19,0.6807,1,0,26608,0
,-591.48,4074.54,93.8281,4439,530,0,0,0,2,0,0,0,0,0,0,26609,0
,-591.715,4074.52,143.258,4440,530,0,0,0,2,0,0,0,0,0,0,26610,0
,-2260.12,3219.22,5.99697,4443,530,0,0,0,2,0,0,0,0,0,0,26612,0
,-2245.02,3124.32,27.3888,4445,530,0,0,0,2,0,0,0,0,0,0,26613,0
,-11.1502,0.063509,-0.205516,4455,552,0,0,0,0,14.11,16.69,43.94,0,1,0,26616,0
,-25.8275,-0.898902,-2.42838,4457,550,0,0,0,0,20.11,21.81,47.58,0,1,0,26617,0
,53.135,-40.9833,-1.10937,4459,553,0,0,0,0,16.19,12.61,27.22,5.515,1,0,26618,0
,-47.1594,0.086916,-1.81237,4461,554,0,0,0,0,17.03,31.92,49.78,0,1,0,26619,0
,3114.18,3687.98,143.558,4466,530,0,0,0,4.5,0,0,0,0,0,0,26620,0
You must have expert riding skill to enter.,3418.92,1479.01,184.059,4467,530,0,0,0,0,9.278,10.22,24,5.62,1,0,26621,0
You must have expert riding skill to enter.,3314.78,1325.92,507.348,4468,530,0,0,0,0,9.472,10.58,15.94,5.096,1,0,26622,0
You must have expert riding skill to enter.,2861.37,1545.39,252.158,4469,530,0,0,0,0,2.417,11.11,17.11,3.857,1,0,26623,0
You must be at least level 70 and in a raid group to enter Tempest Keep.,3087.18,1364.53,184.071,4470,530,0,0,0,0,9.972,12.33,31.08,4.625,1,0,26624,0
,3017.81,3746.68,144.249,4471,530,0,0,0,4.5,0,0,0,0,0,0,26625,0
,2951.23,3720.13,143.279,4472,530,0,0,0,4.5,0,0,0,0,0,0,26626,0
,4199.7,1766.39,133.21,4473,530,0,0,0,10,0.2778,0.2778,0.2778,0,0,0,26627,0
,3923.06,3873.36,180.752,4475,530,0,0,0,10,0.2778,0.2778,0.2778,0,0,0,26628,0
,4682.1,2509.13,240.238,4478,530,0,0,0,10,0,0,0,0,0,0,26630,0
,4131.01,2930.3,354.522,4479,530,0,0,0,0,5.806,0.8611,16.33,4.747,1,0,26631,0
,4007.32,1517.18,-115.927,4482,530,0,0,0,20,0,0,0,0,0,0,26632,0
,-1529.84,7105.86,32.0611,4485,269,0,0,0,0,3.583,36.86,25.94,0,1,0,26633,0
,9477.67,-6858.7,17.3575,4486,530,0,0,0,0,45.61,21.47,43.11,5.48,1,0,26634,0
,4274.66,-4234.81,866.039,4487,534,0,0,0,0,18.5,26.69,24.64,6.056,1,0,26635,0
,281.5,6117,146,4493,530,0,0,0,0,17.58,26.33,9.361,0,1,0,26636,0
,2405,5941,153,4494,530,0,0,0,30,0.2778,0.2778,0.2778,0,0,0,26637,0
,4180.39,3052.91,336.841,4495,530,0,0,0,0,7.611,11.69,6.556,5.69,1,0,26638,0
,2345.53,2790.44,133.084,4497,530,0,0,0,0,8.75,7.472,10.58,4.259,1,0,26639,0
,1810.9,1033.22,11.0698,4498,560,0,0,0,3,0.2778,0.2778,0.2778,0,0,0,26640,0
,2099.5,6904.67,183.23,4499,530,0,0,0,0,37.56,29.22,49.86,0.8203,1,0,26641,0
,1872.1,1078.67,17.6215,4501,560,0,0,0,4,0,0,0,0,0,0,26642,0
,1822.64,991.42,11.4139,4502,560,0,0,0,3,0,0,0,0,0,0,26643,0
,1794.72,1018.69,11.2987,4503,560,0,0,0,2,0,0,0,0,0,0,26644,0
,1900.87,1111.92,18.0572,4504,560,0,0,0,2,0,0,0,0,0,0,26645,0
,3905.64,2104.29,139.016,4506,530,0,0,0,3,0,0,0,0,0,0,26646,0
,3895.12,2086.04,136.804,4507,530,0,0,0,2,0,0,0,0,0,0,26647,0
,-11036.5,-2001.65,93.4683,4520,532,0,0,0,0,5.944,6.833,10.67,5.411,1,0,26660,0
,3070.64,3699.79,142.477,4521,530,0,0,0,0,26.97,24.64,13.42,2.059,1,0,26661,0
,-11048.2,-1984.09,101.701,4522,532,0,0,0,0,6.861,4.444,0.3333,0.2793,1,0,26662,0
,4798.13,3780.39,213.856,4523,530,0,0,0,0,10.61,10.08,9.444,0.6807,1,0,26663,0
,226.9,266.491,-13.2033,4524,540,0,0,0,0,12.97,15.44,19.11,0,1,0,26664,0
,-2961.93,2559.29,78.5183,4526,530,0,0,0,14,0.3333,0.3333,0.3333,0,0,0,26665,0
,-2960.25,2557.16,113,4527,530,0,0,0,0,29.17,29.31,50.08,0,1,0,26666,0
,-4085,2176,111.676,4528,530,0,0,0,0,39.67,33.42,26.58,3.194,1,0,26667,0
,-4090.08,2202,97.2245,4529,530,0,0,0,0,18.44,20.64,10.5,0,1,0,26668,0
,21.2699,-2.93541,0.06437,4534,565,0,0,0,0,96.81,120.7,39.44,1.117,1,0,26671,0
You must be at least level 65 and in a raid group to enter.,3556.79,5083.41,1.44248,4535,530,0,0,0,0,3.361,39.69,56.86,5.707,1,0,26672,0
,4009.19,2895.25,13.0527,4536,559,0,0,0,4,0,0,0,0,0,0,26673,0
,4103.33,2946.35,13.0513,4537,559,0,0,0,4,0,0,0,0,0,0,26674,0
,6248.73,274.695,11.2213,4538,562,0,0,0,4,0,0,0,0,0,0,26675,0
,6228.21,249.557,11.2173,4539,562,0,0,0,4,0,0,0,0,0,0,26676,0
,2484.82,6420.38,-10.3384,4542,530,0,0,0,50,0.2778,0.2778,0.2778,0,0,0,26677,0
,2035.67,6835,173.7,4546,530,0,0,0,10,10,10,10,0,0,0,26680,0
,-3300.38,2927.28,170.938,4548,530,0,0,0,0,10,10,10,0,1,0,26682,0
,4112.02,3071,339.465,4555,530,0,0,0,0,24.06,27.33,22.53,0.4189,1,0,26688,0
,4131.54,3070.05,339.465,4556,530,0,0,0,0,14.17,14.69,10.61,0.5061,1,0,26689,0
,4097.35,3053.38,341,4557,530,0,0,0,0,14.64,12.75,7.25,5.027,1,0,26690,0
,1945.36,5537.42,266.63,4558,530,0,0,0,7,0.2778,0.2778,0.2778,0,0,0,26691,0
,-3277.3801,2819.6301,125.24001,4560,530,0,0,0,0,8.333,9.583,0.4444,0,1,0,26692,0
,-2829.78,1953.76,202.46,4561,530,0,0,0,2.3,0.2778,0.2778,0.2778,0,0,0,26693,0
,-2745.24,2730.42,127.776,4562,530,0,0,0,2.3,0,0,0,0,0,0,26694,0
,-3279.63,2828.46,123.229,4563,530,0,0,0,0,7.056,2.5,12.19,0,1,0,26695,0
,-3278.77,2831,123.02,4566,530,0,0,0,0,9.306,1.889,11.75,0,1,0,26696,0
,2050.46,1372.26,1194.56,4568,566,0,0,0,3,0.2778,0.2778,0.2778,0,0,0,26697,0
,2046.33,1748.81,1190.03,4569,566,0,0,0,3,0.2778,0.2778,0.2778,0,0,0,26698,0
,2283.38,1748.98,1189.71,4570,566,0,0,0,3,0,0,0,0,0,0,26699,0
,2302.69,1391.27,1197.77,4571,566,0,0,0,3,0,0,0,0,0,0,26700,0
,3673.1,6638.59,129.145,4576,530,0,0,0,0,0.3333,0.3333,0.3333,0,1,0,26703,0
,-2978.52,864.132,-7.48687,4577,530,0,0,0,18,0,0,0,0,0,0,26704,0
,-3277.6,2801.42,122.993,4578,530,0,0,0,0,10.31,0.9722,9.389,0,1,0,26705,0
,-3277.47,2803.09,122.986,4579,530,0,0,0,0,9.139,1.472,10.19,0,1,0,26706,0
,3661.05,6755.4,132.499,4580,530,0,0,0,15,0,0,0,0,0,0,26707,0
,-4300.96,1390.93,143.988,4581,530,0,0,0,40,0.2778,0.2778,0.2778,0,0,0,26708,0
,-4124.47,1308.08,54.139,4582,530,0,0,0,25,0,0,0,0,0,0,26709,0
,-4405.35,1302.99,84.9446,4583,530,0,0,0,20,0,0,0,0,0,0,26710,0
,-4230.58,1419.35,130.502,4588,530,0,0,0,35,0,0,0,0,0,0,26713,0
,-4109.42,1355.26,72.085,4589,530,0,0,0,25,0,0,0,0,0,0,26714,0
,-4436.02,1276.48,71.6192,4590,530,0,0,0,20,0,0,0,0,0,0,26715,0
,813.934,6865.66,-67.715,4591,530,0,0,0,20,0.3333,0.3333,0.3333,0,0,0,26716,0
,2230.12,4716.43,161.946,4595,530,0,0,0,14,0,0,0,0,0,0,26719,0
You must be at least level 70 and in a raid group to enter.,-3671.96,318.534,31.6194,4598,530,0,0,0,0,25.94,27.44,33.61,3.002,1,0,26722,0
,-4133.8,1131.44,50,4607,530,0,0,0,17,0,0,0,0,0,0,26730,0
,-4133.8,1131.48,74,4608,530,0,0,0,26,0,0,0,0,0,0,26731,0
,-4118,1158.09,72.258,4609,530,0,0,0,7,0,0,0,0,0,0,26732,0
,166.009,391.59,-37.0924,4612,553,0,0,0,0,11.83,10.58,28.31,0,1,0,26735,0
,3784.54,6727.67,170.447,4613,530,0,0,0,5,0,0,0,0,0,0,26736,0
,65.9682,149.679,25.5808,4614,554,0,0,0,0,15,30.53,40.67,0,1,0,26737,0
,3625.02,6543.51,155.006,4615,530,0,0,0,6,0.2778,0.2778,0.2778,0,0,0,26738,0
,3734.4,6639.75,133.646,4616,530,0,0,0,7,0.2778,0.2778,0.2778,0,0,0,26739,0
,3575.69,6666.13,128.489,4617,530,0,0,0,6,0.2778,0.2778,0.2778,0,0,0,26740,0
,75.829,997.844,-89.8277,4619,564,0,0,0,0,18.47,46.08,54.94,0,1,0,26741,0
,1457.65,1447.77,360.747,4628,489,0,0,0,0,66.53,295.6,76.78,0,1,0,26742,0
,988.209,1501.48,351.178,4629,489,0,0,0,0,68.53,222.7,64.14,0,1,0,26743,0
,3020.92,5434.32,146.617,4640,530,0,0,0,0,15.44,25.36,27.86,5.393,1,0,26748,0
,517.279,403.156,193.2,4665,564,0,0,0,10,0.2778,0.2778,0.2778,0,0,0,26761,0
,3637.82,-3957.88,20.258,4666,1,0,0,0,0,1.944,46.83,39.08,0,1,0,26762,0
,3263.37,-4082.66,28.3295,4667,1,0,0,0,0,1.861,69.44,43.61,0,1,0,26763,0
,2869.6,-3860.63,28.2644,4670,1,0,0,0,0,0.4444,46.19,21.72,5.114,1,0,26764,0
,2634.73,-3743.65,15.5847,4671,1,0,0,0,0,1.944,33.44,33.69,0,1,0,26765,0
,2416.39,-3682.47,22.0998,4672,1,0,0,0,0,0.9444,71.81,27.44,0,1,0,26766,0
,3451.85,-4011.01,21.3099,4673,1,0,0,0,0,1.556,59.11,31.19,0,1,0,26767,0
,1328.72,1632.72,36.7304,4696,572,0,0,0,4,0,0,0,0,0,0,26779,0
,1243.3,1699.17,34.8726,4697,572,0,0,0,4,0,0,0,0,0,0,26780,0
,-5139.7803,-623.5968,397.40903,4712,0,0,0,0,5,0.2778,0.2778,0.2778,0,0,0,26787,0
,-2106.04,5107.84,-0.567709,4713,530,0,0,0,12,0.3333,0.3333,0.3333,0,0,0,26788,0
,-4622.31,-3172.12,34.8127,4714,1,0,0,0,0,22.13,15.29,25.78,0,1,0,26789,0
,-5172.12,-611.084,397.217,4715,0,0,0,0,5,0,0,0,0,0,0,26790,0
,-5140.4033,-596.00696,397.4938,4716,0,0,0,0,5,0,0,0,0,0,0,26791,0
,-5173.604,-624.0498,397.17618,4718,0,0,0,0,8,0,0,0,0,0,0,26792,0
,-2108.45,-437.26,-7.83183,4719,1,0,0,0,15,0.2778,0.2778,0.2778,0,0,0,26793,0
,-2494.57,-4989.33,94.2346,4720,1,0,0,0,0,0.3889,26.64,38.44,1.693,1,0,26794,0
,8702.08,-6636.34,99,4722,530,0,0,0,20,0,0,0,0,0,0,26795,0
,-80.1458,1345.64,40.7711,4723,568,0,0,0,0,59.44,59.19,7.333,0,1,0,26796,0
,-37.061,1149.98,19.0636,4724,568,0,0,0,0,32.42,38.22,5.583,0,1,0,26797,0
,362.48,1402.7,74.4389,4725,568,0,0,0,0,48.72,71.31,15.61,0.2618,1,0,26798,0
,369.784,1100.72,6.05714,4726,568,0,0,0,0,31.81,27.14,13.94,0,1,0,26799,0
,-9017.1,876.97,148.618,4733,0,0,0,0,0,3,3,3,0,1,0,26800,0
,-9020.4,889.086,29.6207,4734,0,0,0,0,0,3,3,3,0,1,0,26801,0
You must be at least level 68 to enter.,6851.88,-8008.73,192.318,4738,530,0,0,0,0,33.78,17.17,26.94,0,1,0,26803,0
,120.56,1789.88,43.5058,4739,568,0,0,0,0,32.19,19.08,42.06,0,1,0,26804,0
,876.874,-179.58,-43.9252,4751,230,0,0,0,10,0,0,0,0,0,0,26805,0
,-4234.48,-3909.55,-4.46316,4752,1,0,0,0,50,0.2778,0.2778,0.2778,0,0,0,26806,0
,124.796,1471.83,16.7019,4768,568,0,0,0,0,300,260,335.7,0,1,0,26812,0
,-4920.97,-954.649,501.512,4769,0,0,0,0,30,0,0,0,0,0,0,26813,0
,-4704.66,-1218.95,501.659,4770,0,0,0,0,27,0,0,0,0,0,0,26814,0
,-4969.57,-1204.68,501.621,4772,0,0,0,0,35,0,0,0,0,0,0,26815,0
,-4662.94,-956.396,500.377,4774,0,0,0,0,35,0,0,0,0,0,0,26816,0
,-3182.41,-2920.82,33.5629,4775,1,0,0,0,21,0,0,0,0,0,0,26817,0
,-5604.45,-462.581,401.93,4786,0,0,0,0,25,0,0,0,0,0,0,26822,0
,-5202.517,-487.07114,388.79883,4787,0,0,0,0,15,0,0,0,0,0,0,26823,0
,-5604.1,-462.396,402.061,4788,0,0,0,0,25,0,0,0,0,0,0,26824,0
,-5202.6284,-486.89175,388.82056,4789,0,0,0,0,15,0,0,0,0,0,0,26825,0
,1216.83,-4284.87,22.9361,4797,1,0,0,0,5,0,0,0,0,0,0,26826,0
,1179.15,-4301.63,21.0855,4798,1,0,0,0,5,0,0,0,0,0,0,26827,0
,1195.85,-4268.25,21.5732,4799,1,0,0,0,5,0,0,0,0,0,0,26828,0
,1178.13,-4287.65,21.1885,4800,1,0,0,0,6,0,0,0,0,0,0,26829,0
,1646.7659,-4413.3003,16.729399,4801,1,0,0,0,0,35,35,35,0,1,0,26830,0
,1953.4,-4687.29,24.9342,4802,1,0,0,0,35,27,27,27,0,0,0,26831,0
,1931.22,-4288.55,27.101,4803,1,0,0,0,0,27,27,27,0,1,0,26832,0
,1573.08,-4183.07,40.1409,4804,1,0,0,0,35,35,35,35,0,0,0,26833,0
,835.0719,-4515.3105,5.789046,4807,1,0,0,0,25,0.2778,0.2778,0.2778,0,0,0,26835,0
,1283.7983,-4406.811,26.344566,4808,1,0,0,0,15,0,0,0,0,0,0,26836,0
,1284.2396,-4406.838,26.336815,4809,1,0,0,0,15,0,0,0,0,0,0,26837,0
,835.3138,-4515.0713,5.789226,4810,1,0,0,0,25,0,0,0,0,0,0,26838,0
,-5187.41,-557.625,397.176,4820,0,0,0,0,6,0,0,0,0,0,0,26839,0
,1200.66,-4377.62,24.6488,4829,1,0,0,0,6,0,0,0,0,0,0,26840,0
,14666.9,-16268,8E-05,4840,451,0,0,0,0,69.31,4.004,10,0,1,0,26841,0
,14667.3,-16165.5,0,4841,451,0,0,0,0,69.31,4.004,10,0,1,0,26842,0
,12831.2,-7011.44,50.5932,4847,530,0,0,0,0,103.6,64.04,67.04,5.434,1,0,26843,0
,231.891,-271.377,-7.65113,4849,585,0,0,0,0,100,100,100,0,1,0,26845,0
,9346.08,-7266.77,14.7024,4851,530,0,0,0,2,0,0,0,0,0,0,26846,0
,-3999.62,-11909.6,-1.50936,4852,530,0,0,0,2,0,0,0,0,0,0,26847,0
,1595.6,679.533,52.6303,4853,580,0,0,0,0,35.14,88.18,33.69,5.576,1,0,26848,0
,-1983.06,5089.1,7.85394,4874,530,0,0,0,2,0,0,0,0,0,0,26849,0
,-5.89453,-0.123698,-2.80323,4885,585,0,0,0,0,3.432,16.14,7.543,0,1,0,26858,0
You must be at least level 65 to enter.,12878.8,-7348.74,65.531,4887,530,0,0,0,0,19,17,36,5.802,1,0,26859,0
You must be at least level 70 and in a raid group to enter.,12551,-6775.15,15.0531,4889,530,0,0,0,0,5,12,28,6.264,1,0,26860,0
,1806.8317,927.1424,13.670048,4891,580,0,0,0,0,24,30,32,6.264,1,0,26861,0
,4054.15,2923.7,-40,4917,559,0,0,0,0,214,216,20,0.468,1,0,26864,0
,6188.01,320,20,4919,562,0,0,0,0,313.9,27.06,60,0.8782,1,0,26865,0
,6288.22,210,20,4921,562,0,0,0,0,313.9,27.06,60,0.8782,1,0,26866,0
,6214.87,200.261,20,4922,562,0,0,0,0,71.11,24.62,60,5.579,1,0,26867,0
,6187.77,196.88,20,4923,562,0,0,0,0,159,23.26,60,5.579,1,0,26868,0
,6264.76,329.752,3.41421,4924,562,0,0,0,0,71.11,24.62,60,5.623,1,0,26869,0
,6290.77,333.412,20,4925,562,0,0,0,0,208,37.57,60,5.623,1,0,26870,0
,1200.33,1682.09,33.0781,4927,572,0,0,0,0,158.4,26.14,40,0.8875,1,0,26871,0
,1223.61,1630.81,32.6071,4928,572,0,0,0,0,127.3,28.43,40,5.617,1,0,26872,0
,1359.18,1692.25,37.0705,4929,572,0,0,0,0,158.4,26.14,40,5.615,1,0,26873,0
,1371.51,1649.08,34.5089,4930,572,0,0,0,0,158.4,26.14,40,0.8875,1,0,26874,0
,1299.76,1554.74,40,4931,572,0,0,0,0,127,30.63,40,0.125,1,0,26875,0
,1274.51,1774.68,27.0366,4932,572,0,0,0,0,127,30.63,40,0.125,1,0,26876,0
,1246.06,1743.62,40,4933,572,0,0,0,0,33.88,21.23,40,1.675,1,0,26877,0
,1305.44,1754.14,40,4934,572,0,0,0,0,33.88,21.23,40,1.675,1,0,26878,0
,1321.62,1586.98,40,4935,572,0,0,0,0,33.88,21.23,40,1.675,1,0,26879,0
,1269.12,1579.99,40,4936,572,0,0,0,0,33.88,21.23,40,1.675,1,0,26880,0
,1807.27,597.651,52,4937,580,0,0,0,0,65.13,10.16,17.63,5.953,1,0,26881,0
,1285.36,1667.68,10,4941,572,0,0,0,0,212.5,207.3,20,2.479,1,0,26883,0
,6237.84,261.363,-20,4944,562,0,0,0,0,185.1,227,20,5.623,1,0,26884,0
,4054.15,2923.7,0,5006,559,0,0,0,0,214,216,20,0.468,1,0,26885,0
,4054.15,2923.7,-20,5008,559,0,0,0,0,214,216,20,0.468,1,0,26886,0
,6237.84,261.363,-40,5039,562,0,0,0,0,185.1,227,20,5.623,1,0,26887,0
,6237.84,261.363,-60,5040,562,0,0,0,0,185.1,227,20,5.623,1,0,26888,0
,1285.36,1667.68,-10,5041,572,0,0,0,0,212.5,207.3,20,2.479,1,0,26889,0
,1285.36,1667.68,-30,5042,572,0,0,0,0,212.5,207.3,20,2.479,1,0,26890,0
,3522.39,-5236.78,110,10521,533,0,0,0,0,200,180,50,6.055793,1,0,26467,0
