Name_lang,Description_lang,ID,Pos[0],Pos[1],Pos[2],PortLocID,PlayerConditionID,UiTextureAtlasMemberID,Flags,WMOGroupID,PoiDataType,PoiData,ContinentID,AreaID,WorldStateID,UiWidgetSetID,Importance,Icon
Anvilmar,,1,-6134.28,383.763,399.254,0,0,0,517,0,0,0,0,132,0,0,3,7
Brill,,2,2249.85,278.41385,34.11371,0,0,0,517,0,0,0,0,159,0,0,3,7
Darkshire,,3,-10564.7,-1170.65,28.0505,0,0,0,525,0,0,0,0,10,0,0,3,5
Deathknell,,4,1879.83,1588.2,90.17196,0,0,0,517,0,0,0,0,154,0,0,3,7
Dun Algaz,,5,-4191.0234,-2373.1401,205.15083,0,0,0,517,0,0,0,0,836,0,0,3,7
Dun Modr,,6,-2610.2583,-2350.5583,81.59118,0,0,0,517,0,0,0,0,205,0,0,3,7
Goldshire,,7,-9480.089,63.521755,56.17569,0,0,0,517,0,0,0,0,87,0,0,3,7
Ironforge,,8,-5021,-834.059,495.319,0,0,0,541,0,0,0,0,1,0,0,3,6
Kharanos,,9,-5585.9507,-482.127,397.01672,0,0,0,517,0,0,0,0,131,0,0,2,7
Lakeshire,,10,-9227.69,-2201.47,63.9334,0,0,0,525,0,0,0,0,44,0,0,3,5
Menethil Harbor,,11,-3672.7,-828.455,9.89915,0,0,0,525,0,0,0,0,11,0,0,3,5
Moonbrook,,12,-11017.1,1510.17,43.1657,0,0,0,517,0,0,0,0,20,0,0,3,7
Northshire Abbey,,13,-8896.159,-179.328,80.290924,0,0,0,517,0,0,0,0,24,0,0,3,7
Raven Hill,,14,-10752.5,310.433,40.1628,0,0,0,517,0,0,0,0,94,0,0,3,7
Sentinel Hill,,15,-10503.7,1027.76,55.5831,0,0,0,525,0,0,0,0,40,0,0,3,5
Stormwind City,,16,-9153.77,364.057,90.4829,0,0,0,541,0,0,0,0,12,0,0,3,6
The Sepulcher,,17,508.073,1619.02,125.272,0,0,0,525,0,0,0,0,130,0,0,3,5
Undercity,,18,1849.69,235.699,61.6564,0,0,0,541,0,0,0,0,85,0,0,4,6
Thelsamar,,19,-5349.27,-2959.91,323.627,0,0,0,525,0,0,0,0,38,0,0,3,5
Alliance,,20,-448.982,-1028.22,431.971,0,0,0,1,0,0,0,37,0,0,0,0,1
Horde,,21,-669.134,-483.289,387.273,0,0,0,1,0,0,0,37,0,0,0,0,1
Southshore,,22,-803.031,-531.727,15.9654,0,0,0,525,0,0,0,0,267,0,0,3,5
Tarren Mill,,23,-27.0354,-900.562,55.9603,0,0,0,525,0,0,0,0,267,0,0,3,5
Refuge Pointe,,24,-1251.05,-2526.81,20.7117,0,0,0,517,0,0,0,0,320,0,0,3,7
Hammerfall,,25,-991.57,-3528.34,56.5482,0,0,0,525,0,0,0,0,45,0,0,3,5
Kargath,,26,-6676.42,-2186.68,245.829,0,0,0,525,0,0,0,0,3,0,0,3,5
Angor Fortress,,27,-6392.65,-3158,299.765,0,0,0,517,0,0,0,0,338,0,0,3,7
Bloodhoof Village,,28,-2323.92,-394.981,-9.12757,0,0,0,517,0,0,0,1,222,0,0,3,7
Thunder Bluff,,29,-1205.41,29.4214,126.347,0,0,0,541,0,0,0,1,215,0,0,3,6
Camp Narache,,30,-2906.49,-253.607,52.9407,0,0,0,517,0,0,0,1,221,0,0,3,7
Razor Hill,,31,312.659,-4745.52,9.54726,0,0,0,517,0,0,0,1,362,0,0,3,7
The Den,,32,-604.098,-4202.92,38.7281,0,0,0,517,0,0,0,1,364,0,0,3,7
Orgrimmar,,33,1381.77,-4371.16,26.0233,0,0,0,541,0,0,0,1,14,0,0,3,6
Sen'jin Village,,34,-819.492,-4918.24,19.3401,0,0,0,517,0,0,0,1,367,0,0,3,7
The Crossroads,,35,-455.9,-2652.15,95.5865,0,0,0,525,0,0,0,1,17,0,0,3,5
Aldrassil,,36,10462.7,805.993,1312.66,0,0,0,517,0,0,0,1,188,0,0,3,5
Dolanaar,,37,9787.99,949.897,1306.73,0,0,0,1,0,0,0,1,-1,0,0,3,5
Darnassus,,38,9951.75,2254.5,1335.42,0,0,0,541,0,0,0,1,141,0,0,3,6
Ratchet,,39,-951.364,-3680.07,8.04018,0,0,0,525,0,0,0,1,392,0,0,3,5
Booty Bay,,40,-14383.3,487.139,-29.5617,0,0,0,525,0,0,0,0,35,0,0,3,5
Grom'gol Base Camp,,41,-12378.4,185.734,3.05513,0,0,0,525,0,0,0,0,33,0,0,3,5
Astranaar,,42,2720.43,-382.391,107.09,0,0,0,525,0,0,0,1,331,0,0,3,5
Stonetalon Peak,,44,2658.78,1449.71,226.135,0,0,0,525,0,0,0,1,467,0,0,3,5
Thalanaar,,45,-4510.03,-779.474,-41.5353,0,0,0,525,0,0,0,1,489,0,0,3,5
Freewind Post,,46,-5454.07,-2445.5,90.1133,0,0,0,525,0,0,0,1,484,0,0,3,5
Mirror Lake,,227,-9389.26,458.427,38.2854,0,0,0,516,0,0,0,0,92,0,0,0,3
Slaughter Hollow,,247,861.216,-558.217,146.61,0,0,0,516,0,0,0,0,282,0,0,0,3
Drywhisker Gorge,,327,-1014.22,-3827.39,145.41,0,0,0,516,0,0,0,0,321,0,0,0,7
Sun Rock Retreat,,701,936.308,910.974,104.439,0,0,0,525,0,0,0,1,406,0,0,3,5
Temple of Zin-Malor,,707,3549.15,-5359.12,204.102,0,0,0,516,0,0,0,1,1221,0,0,0,7
Hetaera's Clutch,,708,3556.64,-6232.79,44.0086,0,0,0,516,0,0,0,1,1227,0,0,0,7
Uther's Tomb,,709,969.176,-1825.52,99.6067,0,0,0,516,0,0,0,0,197,0,0,0,7
Scholomance,,710,1262.19,-2579.41,126.37,0,0,0,516,0,0,0,0,2298,0,0,0,7
Whitereach Post,,767,-4917.35,-1375.5,-52.3732,0,0,0,516,0,0,0,1,480,0,0,0,7
Stonard,,788,-10443.7,-3277.49,20.1782,0,0,0,525,0,0,0,0,8,0,0,3,5
Gadgetzan,,789,-7139.15,-3752.11,8.5398,0,0,0,525,0,0,0,1,440,0,0,3,5
Camp Mojache,,790,-4394.98,215.611,25.4133,0,0,0,525,0,0,0,1,215,0,0,3,5
Theramore Isle,,791,-3680.17,-4388.51,10.5549,0,0,0,525,0,0,0,1,15,0,0,3,5
Aerie Peak,,792,234.85,-2127.76,118.095,0,0,0,525,0,0,0,0,47,0,0,3,5
Everlook,,794,6723.46,-4662.5,722.806,0,0,0,525,0,0,0,1,618,0,0,3,5
Shadowprey Village,,795,-1657.85,3097.92,30.4995,0,0,0,525,0,0,0,1,405,0,0,3,5
Feathermoon Stronghold,,796,-4434.99,3276.74,11.7785,0,0,0,525,0,0,0,1,357,0,0,3,5
Auberdine,,798,6439.33,411.951,10.8632,0,0,0,525,0,0,0,1,148,0,0,3,5
Nijel's Point,,799,202.521,1308.24,190.236,0,0,0,525,0,0,0,1,405,0,0,3,5
Aldrassil,,907,10479.6,812.281,1322.75,0,0,0,516,0,0,0,1,188,0,0,0,7
Shadowthread Cave,,908,10756.2,921.301,1338.56,0,0,0,516,0,0,0,1,188,0,0,0,7
Fel Rock,,909,10050.6,1031.2,1329.95,0,0,0,516,0,0,0,1,186,0,0,0,7
Ban'ethil Barrow Den,,911,9864.17,1557.41,1329.3,0,0,0,516,0,0,0,1,736,0,0,0,7
The Cleft,,912,10316.4,1200.62,1458.09,0,0,0,516,0,0,0,1,266,0,0,0,7
Razorwind Canyon,,913,636.963,-4534.04,8.82065,0,0,0,516,0,0,0,1,410,0,0,0,7
Tor'kren Farm,,929,726.297,-4242.41,17.2915,0,0,0,516,0,0,0,1,369,0,0,0,7
Steelgrill's Depot,,947,-5488.04,-658.67,394.304,0,0,0,516,0,0,0,0,131,0,0,0,7
Ironband's Compound,,948,-5858.7,-2004.1,401.649,0,0,0,516,0,0,0,0,212,0,0,0,7
Echo Ridge Mine,,949,-8676.57,-119.634,91.4235,0,0,0,516,0,0,0,0,24,0,0,0,7
Maclure Vineyards,,950,-9948.39,69.1568,33.3002,0,0,0,516,0,0,0,0,57,0,0,0,7
Stonefield Farm,,951,-9901.14,378.19,35.2802,0,0,0,516,0,0,0,0,57,0,0,0,7
Northshire Vineyards,,954,-9067.35,-333.965,73.4517,0,0,0,516,0,0,0,0,24,0,0,0,7
Tower of Ilgalar,,955,-9281.33,-3318.81,122.249,0,0,0,516,0,0,0,0,1000,0,0,0,7
Render's Rock,,956,-8674.12,-2290.05,157.009,0,0,0,516,0,0,0,0,996,0,0,0,7
Spirit Den,,1007,-13751.4,-18.3165,49.2768,0,0,0,516,0,0,0,0,1737,0,0,0,7
Rethban Caverns,,1008,-8970.76,-2002.7,140.756,0,0,0,516,0,0,0,0,98,0,0,0,7
Boulderfist Outpost,,1010,-1194.05,-2119.16,61.8808,0,0,0,516,0,0,0,0,1858,0,0,0,7
Grosh'gok Compound,,1011,-11112.2,-2335.63,117.131,0,0,0,516,0,0,0,0,2561,0,0,0,7
Stagalbog Cave,,1012,-10803.2,-3739.01,27.5586,0,0,0,516,0,0,0,0,1797,0,0,0,7
Temple of Atal'Hakkar,,1013,-10429.9,-3828.52,37.9913,0,0,0,516,0,0,0,0,74,0,0,0,7
The Tower of Arathor,,1014,-1778.21,-1513.16,64.9209,0,0,0,516,0,0,0,0,324,0,0,0,7
Wildhammer Keep,,1015,316.946,-2119.3,122.042,0,0,0,516,0,0,0,0,348,0,0,0,7
Night Web's Hollow,,1016,2046.11,1829.45,107.823,0,0,0,516,0,0,0,0,154,0,0,0,7
Terrorweb Tunnel,,1017,3035.33,-2773.9,102.873,0,0,0,516,0,0,0,0,2627,0,0,0,7
Browman Mill,,1018,2483.98,-5183.79,76.1135,0,0,0,516,0,0,0,0,2271,0,0,0,7
Uldaman,,1027,-6092.01,-3179.35,257.188,0,0,0,516,0,0,0,0,1897,0,0,0,7
Dustbelch Grotto,,1028,-7320.59,-2265.09,244.548,0,0,0,516,0,0,0,0,344,0,0,0,7
Westbrook Garrison,,1029,-9615.71,667.327,38.6522,0,0,0,516,0,0,0,0,60,0,0,0,7
Jasperlode Mine,,1030,-9184.5,-605.891,62.8185,0,0,0,516,0,0,0,0,91,0,0,0,7
Janeiro's Point,,1031,-14179.6,718,28.2885,0,0,0,516,0,0,0,0,35,0,0,0,7
Algaz Station,,1032,-4817.79,-2666.7,351.197,0,0,0,516,0,0,0,0,838,0,0,0,7
Grim Batol,,1033,-4055,-3448.54,283.115,0,0,0,516,0,0,0,0,1038,0,0,0,7
Venture Co. Mine,,1047,-1501.49,-1036.19,151.716,0,0,0,516,0,0,0,1,820,0,0,0,7
Blackwood Den,,1048,4619.42,25.6126,70.4946,0,0,0,516,0,0,0,1,449,0,0,0,7
Wildbend River,,1049,5056.04,220.755,22.9074,0,0,0,516,0,0,0,1,448,0,0,0,7
Cliffspring Falls,,1050,6870.57,-662.396,86.643,0,0,0,516,0,0,0,1,456,0,0,0,7
Fray Island,,1067,-1668.51,-4329.2,3.26695,0,0,0,516,0,0,0,1,720,0,0,0,7
Wailing Caverns,,1068,-837.968,-2037,80.4679,0,0,0,516,0,0,0,1,387,0,0,0,7
Shady Rest Inn,,1087,-3723.63,-2535.18,69.5651,0,0,0,516,0,0,0,1,2302,0,0,0,7
Darkmist Cavern,,1088,-2829.79,-2722.81,36.7884,0,0,0,516,0,0,0,1,496,0,0,0,7
North Point Tower,,1089,-2884.79,-3429.99,39.357,0,0,0,516,0,0,0,1,496,0,0,0,7
Bluefen,,1090,-2685.32,-3087.58,41.4505,0,0,0,516,0,0,0,1,496,0,0,0,7
Lost Point,,1091,-3925.5,-2862.15,46.4791,0,0,0,516,0,0,0,1,2302,0,0,0,7
Tidefury Cove,,1092,-4300.98,-4062.71,-10.5946,0,0,0,516,0,0,0,1,511,0,0,0,7
Stonemaul Ruins,,1093,-4346.02,-3321.15,34.2547,0,0,0,516,0,0,0,1,510,0,0,0,7
Onyxia's Lair,,1094,-4698.06,-3720.58,50.464,0,0,0,516,0,0,0,1,511,0,0,0,7
Emberstrife's Den,,1095,-4987.73,-3832.99,44.8497,0,0,0,516,0,0,0,1,511,0,0,0,7
Bloodfen Burrow,,1096,-4335.04,-2639.53,39.6317,0,0,0,516,0,0,0,1,509,0,0,0,7
Sentry Point,,1097,-3476.59,-4109.08,17.1041,0,0,0,516,0,0,0,1,502,0,0,0,7
Swamplight Manor,,1098,-2949.47,-3893.5,35.0303,0,0,0,516,0,0,0,1,502,0,0,0,7
Irondeep Mine,Alliance Controlled,1099,793.751,-330.197,63.026,0,0,0,644,0,0,0,30,0,1358,0,0,3
Stonehearth Outpost,,1100,1.66764,-292.675,15.7837,0,0,0,516,0,0,0,30,0,0,0,0,7
Iceblood Garrison,,1101,-537.807,-168.363,57.7053,0,0,0,516,0,0,0,30,0,0,0,0,7
Coldtooth Mine,Horde Controlled,1102,-946.912,-195.454,76.9597,0,0,0,644,0,0,0,30,0,1356,0,0,2
Frostwolf Keep,,1103,-1369.01,-225.37,98.7836,0,0,0,516,0,0,0,30,0,0,0,0,7
Marshal's Refuge,,1104,-6143.21,-1078.89,-198.366,0,0,0,516,0,0,0,1,538,0,0,0,7
Fungal Rock,,1105,-6370.15,-1836.52,-258.029,0,0,0,516,0,0,0,1,538,0,0,0,7
Wavestrider Beach,,1106,-7693.45,-4878.96,0.658057,0,0,0,516,0,0,0,1,1336,0,0,0,7
Uldum,,1107,-9635.41,-2787.2,7.85783,0,0,0,516,0,0,0,1,990,0,0,0,7
Darkcloud Pinnacle,,1108,-5086.21,-1919.44,88.1811,0,0,0,516,0,0,0,1,2097,0,0,0,7
Roguefeather Den,,1109,-5466.71,-1636.27,29.0252,0,0,0,516,0,0,0,1,483,0,0,0,7
Mirage Raceway,,1110,-6239.42,-3973.12,-58.7501,0,0,0,516,0,0,0,1,439,0,0,0,7
The Rustmaul Digsite,,1111,-6490.61,-3449.15,-58.7825,0,0,0,516,0,0,0,1,439,0,0,0,7
Splithoof Hold,,1112,-5065.61,-2367.61,-53.6725,0,0,0,516,0,0,0,1,481,0,0,0,7
The Weathered Nook,,1113,-5213.85,-2794.53,-7.09192,0,0,0,516,0,0,0,1,481,0,0,0,7
Ironstone Camp,,1114,-5848.05,-3412.38,-51.0555,0,0,0,516,0,0,0,1,2303,0,0,0,7
Weazel's Crater,,1115,-5799.94,-3899.53,-96.743,0,0,0,516,0,0,0,1,439,0,0,0,7
Tahonda Ruins,,1116,-6569.91,-3894.97,-58.75,0,0,0,516,0,0,0,1,439,0,0,0,7
Roland's Doom,,1127,-11076,-1139.98,42.8768,0,0,0,516,0,0,0,0,241,0,0,0,7
Beggar's Haunt,,1128,-10349.7,-1538.8,92.6423,0,0,0,0,0,0,0,0,42,0,0,0,7
Bolgan's Hole,,1147,-2281.95,2499.6,73.7536,0,0,0,516,0,0,0,1,606,0,0,0,7
Maraudon,,1148,-1422.62,2918.45,136.147,0,0,0,516,0,0,0,1,607,0,0,0,7
Ghost Walker Post,,1149,-1224.06,1736.67,90.0223,0,0,0,516,0,0,0,1,596,0,0,0,7
Scrabblescrew's Camp,,1150,-1407.87,1493.13,60.8871,0,0,0,516,0,0,0,1,602,0,0,0,7
Valley of Bones,,1151,-2251.19,1513.55,63.5881,0,0,0,516,0,0,0,1,602,0,0,0,7
Rage Scar Hold,,1168,-3842.71,1738.94,149.974,0,0,0,516,0,0,0,1,1119,0,0,0,7
Ruins of Solarsal,,1169,-4852.91,3616.63,16.4186,0,0,0,516,0,0,0,1,1117,0,0,0,7
Ravaged Twilight Camp,,1171,-6206.25,1766.95,17.4637,0,0,0,516,0,0,0,1,2740,0,0,0,7
Twilight Post,,1172,-6740.04,1636.32,15.2838,0,0,0,516,0,0,0,1,3098,0,0,0,7
Twilight Outpost,,1173,-7929.11,1833.28,4.86471,0,0,0,516,0,0,0,1,2743,0,0,0,7
Woodpaw Hills,,1174,-4915.81,199.275,52.2955,0,0,0,516,0,0,0,1,1101,0,0,0,7
Lariss Pavillion,,1175,-4052.72,81.5525,77.1755,0,0,0,516,0,0,0,1,1103,0,0,0,7
Slither Rock,,1176,-7652.52,-3030.61,134.256,0,0,0,516,0,0,0,0,2420,0,0,0,7
Flame Crest,,1177,-7479.77,-2186.4,166.15,0,0,0,516,0,0,0,0,250,0,0,0,7
Shalzaru's Lair,,1187,-5492.37,3622.79,3.70377,0,0,0,516,0,0,0,1,1121,0,0,0,7
Stormpike Graveyard,Alliance Controlled,1208,666.927,-305.544,30.2909,0,0,0,644,0,0,0,30,0,1333,0,0,15
Snowfall Graveyard,Horde Controlled,1209,-202.695,-112.569,78.4904,0,0,0,644,0,0,0,30,0,1342,0,0,13
Frostwolf Graveyard,Horde Controlled,1210,-1083.31,-307.402,57.792,0,0,0,644,0,0,0,30,0,1338,0,0,13
Scalebeard's Cave,,1211,3705.1,-6043.45,2.50783,0,0,0,516,0,0,0,1,1227,0,0,0,7
Timbermaw Hold,,1212,6900.63,-2298.18,588.521,0,0,0,516,0,0,0,1,2246,0,0,0,7
The Ruins of Kel'Theril,,1213,6426.76,-4304.99,666.743,0,0,0,516,0,0,0,1,2251,0,0,0,7
Dun Mandarr,,1214,5718.83,-4507.31,761.083,0,0,0,516,0,0,0,1,2245,0,0,0,7
Talrendis Point,,1215,2707.72,-3869.25,104.207,0,0,0,516,0,0,0,1,1235,0,0,0,7
Rethress Sanctum,,1216,2195.67,-6438.33,2.13105,0,0,0,516,0,0,0,1,1256,0,0,0,7
Moon Horror Den,,1217,7123.02,-4631.57,639.68,0,0,0,516,0,0,0,1,2255,0,0,0,7
Timbermaw Hold,,1218,6817.78,-2097.68,624.837,0,0,0,516,0,0,0,1,1762,0,0,0,7
Irontree Cavern,,1219,6481.87,-1571,438.965,0,0,0,516,0,0,0,1,1767,0,0,0,7
Bloodvenom Post,,1220,5111.98,-353.403,357.231,0,0,0,516,0,0,0,1,1765,0,0,0,7
Sishir Canyon,,1227,515.845,624.05,68.1593,0,0,0,516,0,0,0,1,2541,0,0,0,7
Cragpool Lake,,1228,1543.57,70.1338,-10.3817,0,0,0,516,0,0,0,1,461,0,0,0,7
Windshear Mine,,1229,981.949,-358.9,15.2316,0,0,0,516,0,0,0,1,461,0,0,0,7
The Talondeep Path,,1230,1531.94,-576.57,68.9612,0,0,0,516,0,0,0,1,461,0,0,0,7
The Talon Den,,1231,2416.89,1792.39,394.939,0,0,0,516,0,0,0,1,467,0,0,0,7
The Ruins of Ordil'Aran,,1232,3493.89,-119.601,0.715488,0,0,0,516,0,0,0,1,413,0,0,0,7
Bathran's Haunt,,1233,3827.37,-161.305,-0.606824,0,0,0,516,0,0,0,1,413,0,0,0,7
Zoram'gar Outpost,,1234,3362.22,1010.16,3.59813,0,0,0,516,0,0,0,1,414,0,0,0,7
Falfarren River,,1235,2231.21,-2222.91,94.4102,0,0,0,516,0,0,0,1,428,0,0,0,7
Xavian,,1237,2936.56,-2822.67,212.731,0,0,0,516,0,0,0,1,430,0,0,0,7
Forest Song,,1238,2880.33,-3287.54,157.819,0,0,0,516,0,0,0,1,430,0,0,0,7
Demon Fall Canyon,,1239,1702.45,-3150.99,93.5229,0,0,0,516,0,0,0,1,434,0,0,0,7
Silverwing Outpost,,1240,1776.64,-2065.15,104.194,0,0,0,516,0,0,0,1,422,0,0,0,7
The Dor'Danil Barrow Den,,1241,1776.23,-2678.36,111.666,0,0,0,516,0,0,0,1,422,0,0,0,7
Silverwind Refuge,,1242,2130.27,-1190.25,99.8631,0,0,0,516,0,0,0,1,421,0,0,0,7
Greenpaw Village,,1243,2291.29,-1444.96,87.8797,0,0,0,516,0,0,0,1,421,0,0,0,7
Bloodtooth Camp,,1244,1612.52,-1465.1,157.023,0,0,0,516,0,0,0,1,421,0,0,0,7
The Talondeep Path,,1245,1930.26,-732.677,114.534,0,0,0,516,0,0,0,1,421,0,0,0,7
Shrine of Remulos,,1246,7856.18,-2215.45,471.304,0,0,0,516,0,0,0,1,656,0,0,0,7
Nighthaven,,1247,7961.75,-2491.77,487.883,0,0,0,516,0,0,0,1,656,0,0,0,7
Stormrage Barrow Dens,,1248,7564.51,-2951.72,466.682,0,0,0,516,0,0,0,1,656,0,0,0,7
Dun Baldar South Bunker,Alliance Controlled,1249,571.535,-80.543,37.9113,0,0,0,644,0,0,0,30,0,1361,0,0,11
Dun Baldar North Bunker,Alliance Controlled,1250,668.04,-128.176,49.6482,0,0,0,644,0,0,0,30,0,1362,0,0,11
Icewing Bunker,Alliance Controlled,1251,217.425,-359.764,42.3823,0,0,0,644,0,0,0,30,0,1363,0,0,11
Iceblood Tower,Horde Controlled,1252,-562.172,-273.554,52.3285,0,0,0,644,0,0,0,30,-1,1385,0,0,10
Tower Point,Horde Controlled,1254,-760.664,-347.326,68.0353,0,0,0,644,0,0,0,30,-1,1384,0,0,10
East Frostwolf Tower,Horde Controlled,1255,-1302.65,-305.886,91.0987,0,0,0,644,0,0,0,30,-1,1383,0,0,10
Warsong Labor Camp,,1268,1575.91,-2463.94,98.5501,0,0,0,516,0,0,0,1,422,0,0,0,7
Ariden's Camp,,1287,-10443.3,-2141.1,90.7794,0,0,0,516,0,0,0,0,2697,0,0,0,7
Deadwind Ravine,,1288,-10572,-1841.05,109.049,0,0,0,516,0,0,0,0,2697,0,0,0,7
Sleeping Gorge,,1289,-10740.8,-1973.68,134.632,0,0,0,516,0,0,0,0,2938,0,0,0,7
Chillwind Camp,,1307,921.054,-1421.46,66.5524,0,0,0,516,0,0,0,0,197,0,0,0,7
Dun Baldar,,1328,693.095,-19.197,51.1202,0,0,0,516,0,0,0,30,0,0,0,0,7
Stonehearth Bunker,Alliance Controlled,1347,-160.17,-454.107,50.4236,0,0,0,644,0,0,0,30,0,1364,0,0,11
Stormpike Aid Station,Alliance Controlled,1348,640.261,-18.6661,51.6988,0,0,0,644,0,0,0,30,0,1325,0,0,15
Iceblood Graveyard,Horde Controlled,1349,-531.316,-405.584,30.7494,0,0,0,644,0,0,0,30,0,1347,0,0,13
Stonehearth Graveyard,Alliance Controlled,1350,65.9825,-415.573,49.3278,0,0,0,644,0,0,0,30,0,1302,0,0,15
Frostwolf Relief Hut,Horde Controlled,1351,-1415.05,-305.986,93.2266,0,0,0,644,0,0,0,30,0,1330,0,0,13
Dun Baldar North Bunker,Destroyed,1352,678.076,-137.378,76.0757,0,0,0,644,0,0,0,30,-1,1371,0,0,6
Dun Baldar North Bunker,In Conflict,1353,678.437,-137.095,76.0671,0,0,0,644,0,0,0,30,0,1375,0,0,9
Dun Baldar North Bunker,In Conflict,1354,678.371,-137.14,76.068,0,0,0,644,0,0,0,30,0,1379,0,0,12
Dun Baldar South Bunker,Destroyed,1355,557.858,-88.1394,63.7547,0,0,0,644,0,0,0,30,-1,1370,0,0,6
Dun Baldar South Bunker,In Conflict,1356,557.849,-88.2827,63.711,0,0,0,644,0,0,0,30,0,1374,0,0,9
Dun Baldar South Bunker,In Conflict,1357,557.752,-88.2432,63.7554,0,0,0,644,0,0,0,30,0,1378,0,0,12
Coldtooth Mine,Alliance Controlled,1358,-948.309,-193.286,99.4883,0,0,0,644,0,0,0,30,0,1355,0,0,3
Coldtooth Mine,Kobold Controlled,1359,-948.542,-193.079,99.5752,0,0,0,644,0,0,0,30,0,1357,0,0,1
East Frostwolf Tower,Destoyed,1362,-1301.22,-306.564,127.979,0,0,0,644,0,0,0,30,-1,1366,0,0,6
East Frostwolf Tower,In Conflict,1363,-1301.4,-307.196,127.905,0,0,0,644,0,0,0,30,-1,1388,0,0,9
East Frostwolf Tower,In Conflict,1364,-1301.47,-307.241,127.894,0,0,0,644,0,0,0,30,-1,1393,0,0,12
Frostwolf Graveyard,Alliance Controlled,1368,-1083.54,-307.433,57.7796,0,0,0,644,0,0,0,30,0,1337,0,0,15
Frostwolf Graveyard,In Conflict,1369,-1083.49,-307.617,57.7934,0,0,0,644,0,0,0,30,-1,1339,0,0,4
Frostwolf Graveyard,In Conflict,1370,-1083.67,-307.436,57.7697,0,0,0,644,0,0,0,30,0,1340,0,0,14
Frostwolf Relief Hut,Alliance Controlled,1371,-1414.93,-305.602,93.1885,0,0,0,644,0,0,0,30,0,1329,0,0,15
Frostwolf Relief Hut,In Conflict,1372,-1414.79,-306.018,93.2468,0,0,0,644,0,0,0,30,0,1332,0,0,14
Frostwolf Relief Hut,In Conflict,1373,-1414.89,-306.056,93.2453,0,0,0,644,0,0,0,30,0,1331,0,0,4
Iceblood Graveyard,Alliance Controlled,1374,-531.344,-405.273,30.7647,0,0,0,644,0,0,0,30,0,1346,0,0,15
Iceblood Graveyard,In Conflict,1375,-531.402,-405.326,30.762,0,0,0,644,0,0,0,30,0,1348,0,0,4
Iceblood Graveyard,In Conflict,1376,-531.425,-405.326,30.7619,0,0,0,644,0,0,0,30,0,1349,0,0,14
Iceblood Tower,Destroyed,1377,-560.3,-271.439,87.902,0,0,0,644,0,0,0,30,-1,1368,0,0,6
Iceblood Tower,In Conflict,1378,-560.261,-271.528,87.8907,0,0,0,644,0,0,0,30,-1,1395,0,0,12
Iceblood Tower,In Conflict,1379,-560.376,-271.281,87.9232,0,0,0,644,0,0,0,30,-1,1390,0,0,9
Icewing Bunker,Destroyed,1380,209.101,-367.837,68.4981,0,0,0,644,0,0,0,30,-1,1372,0,0,6
Icewing Bunker,In Conflict,1381,208.785,-367.938,68.5967,0,0,0,644,0,0,0,30,0,1376,0,0,9
Icewing Bunker,In Conflict,1382,209.023,-368.034,68.4802,0,0,0,644,0,0,0,30,0,1380,0,0,12
Irondeep Mine,Horde Controlled,1383,801.661,-330.015,86.7179,0,0,0,644,0,0,0,30,0,1359,0,0,2
Irondeep Mine,Trogg Controlled,1384,801.41,-330.128,86.6312,0,0,0,644,0,0,0,30,0,1360,0,0,1
Snowfall Graveyard,Alliance Controlled,1386,-202.963,-112.575,78.4921,0,0,0,644,0,0,0,30,0,1341,0,0,15
Snowfall Graveyard,In Conflict,1387,-203.153,-112.587,78.4932,0,0,0,644,0,0,0,30,0,1344,0,0,14
Snowfall Graveyard,In Conflict,1388,-203.09,-112.598,78.4927,0,0,0,644,0,0,0,30,0,1343,0,0,4
Stonehearth Bunker,Destroyed,1389,-160.264,-454.198,50.4223,0,0,0,644,0,0,0,30,-1,1373,0,0,6
Stonehearth Bunker,In Conflict,1390,-160.169,-454.076,50.4239,0,0,0,644,0,0,0,30,0,1377,0,0,9
Stonehearth Bunker,In Conflict,1391,-160.403,-454.183,50.4216,0,0,0,644,0,0,0,30,0,1381,0,0,12
Stonehearth Graveyard,Horde Controlled,1392,65.9149,-415.562,49.3334,0,0,0,644,0,0,0,30,0,1301,0,0,13
Stonehearth Graveyard,In Conflict,1393,65.8907,-415.551,49.3345,0,0,0,644,0,0,0,30,0,1304,0,0,4
Stonehearth Graveyard,In Conflict,1394,65.8889,-415.616,49.3431,0,0,0,644,0,0,0,30,0,1303,0,0,14
Stormpike Aid Station,Horde Controlled,1395,641.501,-17.3997,51.5099,0,0,0,644,0,0,0,30,0,1327,0,0,13
Stormpike Aid Station,In Conflict,1396,640.908,-18.1867,51.8028,0,0,0,644,0,0,0,30,0,1326,0,0,4
Stormpike Aid Station,In Conflict,1397,640.699,-18.1078,51.7224,0,0,0,644,0,0,0,30,0,1328,0,0,14
Stormpike Graveyard,Horde Controlled,1398,666.642,-305.542,30.2909,0,0,0,644,0,0,0,30,0,1334,0,0,13
Stormpike Graveyard,In Conflict,1399,666.699,-305.533,30.2909,0,0,0,644,0,0,0,30,0,1335,0,0,4
Stormpike Graveyard,In Conflict,1400,666.571,-305.432,30.2909,0,0,0,644,0,0,0,30,0,1336,0,0,14
Tower Point,Destroyed,1405,-759.186,-348.19,104.581,0,0,0,644,0,0,0,30,-1,1367,0,0,6
Tower Point,In Conflict,1406,-759.141,-348.12,104.591,0,0,0,644,0,0,0,30,-1,1394,0,0,12
Tower Point,In Conflict,1407,-759.266,-348.044,104.588,0,0,0,644,0,0,0,30,-1,1389,0,0,9
Camp Taurajo,,1469,-2352.66,-1921.67,95.7825,0,0,0,525,0,0,0,1,17,0,0,3,5
Splintertree Post,,1471,2286.41,-2564.67,105.479,0,0,0,525,0,0,0,1,331,0,0,3,5
The Swarming Pillar,,1472,-7066.79,731.852,67.27,0,0,0,516,0,0,0,1,3425,0,0,0,7
Bones of Grakkarond,,1473,-7234.61,874.224,0.285852,0,0,0,516,0,0,0,1,3425,0,0,0,7
Woodpaw Den,,1475,-4835.2,863.048,137.048,0,0,0,516,0,0,0,1,1101,0,0,0,7
Revantusk Village,,1507,-573.459,-4590.51,10.4125,0,0,0,525,0,0,0,0,307,0,0,0,5
Thorium Point,,1508,-6513.68,-1142.76,309.818,0,0,0,516,0,0,0,0,1442,0,0,0,7
Mor'shan Base Camp,,1512,1035.13,-2113.34,122.945,0,0,0,516,0,0,0,1,1703,0,0,0,7
Silverwing Grove,,1513,1462.48,-1858.93,123.55,0,0,0,516,0,0,0,1,422,0,0,0,7
West Frostwolf Tower,Horde Controlled,1527,-1297.9,-266.613,127.779,0,0,0,644,0,0,0,30,-1,1382,0,0,10
West Frostwolf Tower,Destroyed,1528,-1297.92,-266.629,127.782,0,0,0,644,0,0,0,30,-1,1365,0,0,6
West Frostwolf Tower,In Conflict,1529,-1298.02,-266.508,127.772,0,0,0,644,0,0,0,30,-1,1392,0,0,12
West Frostwolf Tower,In Conflict,1530,-1298.09,-266.702,127.798,0,0,0,644,0,0,0,30,-1,1387,0,0,9
Pre-alliance POI test,,1550,451.372,-127.12,7.10504,0,0,0,644,0,0,0,30,-1,1665,0,0,4
The Weeping Cave,,1551,2249.61,-2389.63,59.8013,0,0,0,516,0,0,0,0,198,0,0,0,7
Valor's Rest,,1567,-6404.33,-292.647,1.04541,0,0,0,516,0,0,0,1,2738,0,0,0,7
Wildpaw Cavern,,1568,-1436.1,-455.651,70.5168,0,0,0,516,0,0,0,30,2978,0,0,0,7
Icewing Cavern,,1569,276.056,61.1517,20.3397,0,0,0,516,0,0,0,30,2959,0,0,0,7
Yojamba Isle,,1588,-11874.6,1250.73,11.2723,0,0,0,516,0,0,0,0,33,0,0,0,7
Stables,Uncontrolled,1609,1180.92,1185.77,-45.5659,0,0,0,644,0,0,0,529,-1,1842,0,0,36
Stables,Alliance Controlled,1610,1181.56,1185.58,-45.4915,0,0,0,644,0,0,0,529,-1,1767,0,0,38
Stables,Horde Controlled,1611,1181.56,1185.74,-45.5036,0,0,0,644,0,0,0,529,-1,1768,0,0,40
Stables,In Conflict,1612,1181.51,1185.65,-45.5016,0,0,0,644,0,0,0,529,-1,1769,0,0,37
Stables,In Conflict,1613,1181.54,1185.6,-45.4958,0,0,0,644,0,0,0,529,-1,1770,0,0,39
Blacksmith,Uncontrolled,1614,988.933,1012.57,-32.0645,0,0,0,644,0,0,0,529,-1,1846,0,0,26
Blacksmith,Alliance Controlled,1615,988.697,1012.58,-31.9895,0,0,0,644,0,0,0,529,-1,1782,0,0,28
Blacksmith,Horde Controlled,1616,988.937,1012.34,-31.9613,0,0,0,644,0,0,0,529,-1,1783,0,0,30
Blacksmith,In Conflict,1617,988.94,1012.11,-31.8583,0,0,0,644,0,0,0,529,-1,1784,0,0,27
Blacksmith,In Conflict,1618,988.693,1012.81,-32.0927,0,0,0,644,0,0,0,529,-1,1785,0,0,29
Lumber Mill,Uncontrolled,1619,813.067,1182.09,32.9259,0,0,0,644,0,0,0,529,-1,1844,0,0,21
Lumber Mill,Alliance Controlled,1620,813.073,1182.07,32.9253,0,0,0,644,0,0,0,529,-1,1792,0,0,23
Lumber Mill,Horde Controlled,1621,812.747,1182.13,32.9351,0,0,0,644,0,0,0,529,-1,1793,0,0,25
Lumber Mill,In Conflict,1622,812.705,1182.26,32.9392,0,0,0,644,0,0,0,529,-1,1794,0,0,22
Lumber Mill,In Conflict,1623,812.715,1182.26,32.939,0,0,0,644,0,0,0,529,-1,1795,0,0,24
Gold Mine,Uncontrolled,1624,1178.22,822.509,-87.8928,0,0,0,644,0,0,0,529,-1,1843,0,0,16
Gold Mine,Alliance Controlled,1625,1177.99,822.883,-87.9367,0,0,0,644,0,0,0,529,-1,1787,0,0,18
Gold Mine,Horde Controlled,1626,1178.35,822.88,-88.2435,0,0,0,644,0,0,0,529,-1,1788,0,0,20
Gold Mine,In Conflict,1627,1178.07,822.847,-87.9833,0,0,0,644,0,0,0,529,-1,1789,0,0,17
Gold Mine,In Conflict,1628,1178.15,822.624,-87.9035,0,0,0,644,0,0,0,529,-1,1790,0,0,19
Farm,Uncontrolled,1629,824.262,826.35,-56.1232,0,0,0,644,0,0,0,529,-1,1845,0,0,31
Farm,Alliance Controlled,1630,824.011,826.546,-57.4618,0,0,0,644,0,0,0,529,-1,1772,0,0,33
Farm,Horde Controlled,1631,823.875,826.557,-57.7234,0,0,0,644,0,0,0,529,-1,1773,0,0,35
Farm,In Conflict,1632,824.015,826.696,-57.7088,0,0,0,644,0,0,0,529,-1,1774,0,0,32
Farm,In Conflict,1633,823.875,826.418,-57.7362,0,0,0,644,0,0,0,529,-1,1775,0,0,34
Snowfall Graveyard,Uncontrolled,1682,-202.932,-112.716,78.4901,0,0,0,644,0,0,0,30,-1,1966,0,0,8
Misty Reed Post,,1683,-10854.8,-4093.43,21.7435,0,0,0,517,0,0,0,0,300,0,0,0,7
Brackenwall Village,,1684,-3132.98,-2880.71,34.7179,0,0,0,3,0,0,0,1,496,0,0,0,0
Cenarion Hold,,1685,-6886.15,718.398,42.798,0,0,0,525,0,0,0,1,3425,0,0,3,5
Twilight Base Camp,,1687,-6996.15,1195.01,11.4948,0,0,0,516,0,0,0,1,2739,0,0,0,7
Staghelm Point,,1688,-6517.49,97.5554,126.125,0,0,0,516,0,0,0,1,3426,0,0,0,7
Twilight's Run,,1689,-6310.14,136.591,15.4595,0,0,0,516,0,0,0,1,3426,0,0,0,7
Ortell's Hideout,,1690,-7586.17,226.396,12.3661,0,0,0,516,0,0,0,1,2744,0,0,0,7
Bronzebeard Encampment,,1694,-8021.76,1105.84,3.54871,0,0,0,516,0,0,0,1,3427,0,0,0,7
Under Attack,Winterspring,1696,6519.57,-4117.1,661.536,0,0,0,152,0,0,0,1,-1,2259,0,3,41
Under Attack,Azshara,1697,3366.79,-6226.81,-15.3192,0,0,0,152,0,0,0,1,-1,2260,0,3,41
Under Attack,Blasted Lands,1698,-11456.9,-2981.41,6.54802,0,0,0,152,0,0,0,0,-1,2261,0,3,41
Under Attack,Burning Steppes,1699,-7741.19,-2722.21,178.01,0,0,0,152,0,0,0,0,-1,2262,0,3,41
Under Attack,Tanaris Desert,1700,-8277.12,-3484.09,17.729,0,0,0,152,0,0,0,1,-1,2263,0,3,41
Under Attack,Eastern Plaguelands,1701,2414.5,-3919.26,212.741,0,0,0,152,0,0,0,0,-1,2264,0,3,41
Ivar's Patch,,1702,1233.05,1214.28,52.5857,0,0,0,516,0,0,0,0,130,0,0,0,7
Valgan's Field,,1703,908.754,1255.63,45.9686,0,0,0,516,0,0,0,0,227,0,0,0,7
Silvermoon City,,1704,9504.23,-7297.86,14.0929,0,0,0,541,0,0,0,530,3487,0,0,3,6
Falconwing Square,,1705,9443.57,-6889.18,21.4437,0,0,0,517,0,0,0,530,3665,0,0,3,7
Sunstrider Isle,,1706,10251.2,-6243.67,20.7207,0,0,0,0,0,0,0,530,3431,0,0,0,7
The Sunspire,,1707,10339.4,-6393.8,65.2572,0,0,0,0,0,0,0,530,-1,0,0,0,7
Sunsail Anchorage,,1708,8760.85,-6099.67,96.7569,0,0,0,0,0,0,0,530,3461,0,0,0,7
Fairbreeze Village,,1709,8722.06,-6675.4,70.1066,0,0,0,517,0,0,0,530,3462,0,0,3,7
Farstride Retreat,,1710,8986.2,-7461.7,157.457,0,0,0,0,0,0,0,530,3464,0,0,0,7
Deatholme,,1711,6494.17,-6367.48,44.8694,0,0,0,0,0,0,0,530,3500,0,0,0,7
Windrunner Spire,,1712,7018.83,-5731.5,106.186,0,0,0,0,0,0,0,530,3492,0,0,0,7
Tranquillien,,1713,7567.08,-6818.75,87.1612,0,0,0,532,0,0,0,530,3488,0,0,3,5
Honor Hold,,1714,-715.967,2670.63,93.9962,0,0,0,541,0,0,0,530,3538,0,0,3,5
Thrallmar,,1715,138.907,2703.56,87.9096,0,0,0,541,0,0,0,530,3536,0,0,3,5
The Stair of Destiny,,1716,-250.472,1029.01,54.3233,0,0,0,0,0,0,0,530,3539,0,0,0,7
Throne of Kil'Jaeden,,1717,815.059,2331.75,285.711,0,0,0,0,0,0,0,530,3547,0,0,0,7
Hellfire Citadel,,1718,-315.158,3099.17,11.1911,0,0,0,0,0,0,0,530,-1,0,0,0,7
Den of Haal'esh,,1719,-1105.52,4200.52,36.3521,0,0,0,0,0,0,0,530,3556,0,0,0,7
Falcon Watch,,1720,-699.534,4260.89,50.8329,0,0,0,525,0,0,0,530,3554,0,0,3,5
Ruins of Sha'naar,,1721,-236.269,4935.25,32.4985,0,0,0,0,0,0,0,530,3551,0,0,0,7
Clan Post,,1722,500.537,3850.62,194.015,0,0,0,0,0,0,0,530,3555,0,0,0,7
Pools of Aggonar,,1723,244.889,3467.86,61.5275,0,0,0,0,0,0,0,530,3553,0,0,0,7
Sandworm!,A Silithyst beast has surfaced,1724,-6548.72,1150.51,-1.23684,0,0,0,646,0,0,0,1,1377,2322,0,0,42
Sandworm!,A Silithyst beast has surfaced,1725,-7786.01,978.815,-2.90349,0,0,0,646,0,0,0,1,1377,2323,0,0,42
Sandworm!,A Silithyst beast has surfaced,1726,-7463.3,1411.7,3.70745,0,0,0,646,0,0,0,1,1377,2324,0,0,42
Sandworm!,A Silithyst beast has surfaced,1727,-7377.08,447.046,4.53546,0,0,0,646,0,0,0,1,1377,2325,0,0,42
Eastwall Tower,,1749,2562.3,-4796.96,138.254,0,69904,0,647,0,0,0,0,139,2361,0,0,6
Eastwall Tower,"Alliance, Contested",1750,2562.07,-4797.24,138.207,0,0,0,647,0,0,0,0,139,2359,0,0,6
Eastwall Tower,"Alliance, Progressing",1751,2562.15,-4797.25,138.156,0,0,0,647,0,0,0,0,139,2357,0,0,11
Eastwall Tower,"Horde, Contested",1752,2561.74,-4797.14,138.466,0,0,0,647,0,0,0,0,139,2360,0,0,6
Eastwall Tower,"Horde, Progressing",1753,2561.91,-4797.32,138.256,0,0,0,647,0,0,0,0,139,2358,0,0,10
Eastwall Tower,Horde,1754,2561.96,-4796.84,138.533,0,0,0,647,0,0,0,0,139,2356,0,0,10
Eastwall Tower,Alliance,1755,2562.03,-4797.02,138.377,0,0,0,647,0,0,0,0,139,2354,0,0,11
Plaguewood Tower,,1756,2967.53,-3034.37,150.091,0,69904,0,647,0,0,0,0,139,2353,0,0,6
Plaguewood Tower,"Alliance, Contested",1757,2967.53,-3034.29,150.073,0,0,0,647,0,0,0,0,139,2366,0,0,6
Plaguewood Tower,"Horde, Progressing",1760,2972.89,-3034.52,120.298,0,0,0,647,0,0,0,0,139,2369,0,0,10
Plaguewood Tower,Alliance,1761,2966.69,-3033.86,148.839,0,0,0,647,0,0,0,0,139,2370,0,0,11
Plaguewood Tower,Horde,1762,2966.72,-3034.01,148.87,0,0,0,647,0,0,0,0,139,2371,0,0,10
Northpass Tower,,1763,3170.26,-4376.45,139.633,0,69904,0,647,0,0,0,0,139,2352,0,0,6
Northpass Tower,"Alliance, Contested",1764,3169.99,-4376.53,139.633,0,0,0,647,0,0,0,0,139,2362,0,0,6
Northpass Tower,"Horde, Contested",1765,3169.65,-4376.62,139.633,0,0,0,647,0,0,0,0,139,2363,0,0,6
Northpass Tower,"Alliance, Progressing",1766,3169.88,-4376.38,139.633,0,0,0,647,0,0,0,0,139,2364,0,0,11
Northpass Tower,"Horde, Progressing",1767,3169.82,-4376.17,139.633,0,0,0,647,0,0,0,0,139,2365,0,0,10
Northpass Tower,Alliance,1768,3169.14,-4376.62,139.633,0,0,0,647,0,0,0,0,139,2372,0,0,11
Northpass Tower,Horde,1769,3168.74,-4376.37,139.634,0,0,0,647,0,0,0,0,139,2373,0,0,10
Crown Guard Tower,,1770,1853.48,-3723.24,192.506,0,69904,0,647,0,0,0,0,139,2355,0,0,6
Crown Guard Tower,"Alliance, Contested",1771,1853.35,-3723.33,192.43,0,0,0,647,0,0,0,0,139,2374,0,0,6
Crown Guard Tower,"Horde, Contested",1772,1853.41,-3723.26,192.473,0,0,0,647,0,0,0,0,139,2375,0,0,6
Crown Guard Tower,"Alliance, Progressing",1773,1853.13,-3723.44,192.305,0,0,0,647,0,0,0,0,139,2376,0,0,11
Crown Guard Tower,"Horde, Progressing",1774,1853.54,-3723.49,192.463,0,0,0,647,0,0,0,0,139,2377,0,0,10
Crown Guard Tower,Alliance,1775,1853.47,-3723.38,192.465,0,0,0,647,0,0,0,0,139,2378,0,0,11
Crown Guard Tower,Horde,1776,1853.51,-3723.47,192.458,0,0,0,647,0,0,0,0,139,2379,0,0,10
Plaguewood Tower,"Alliance, Progressing",1777,2967.45,-3034.87,149.886,0,0,0,647,0,0,0,0,139,2368,0,0,11
Wrathscale Point,,1779,-4959.96,-11815.9,12.8889,0,0,0,516,0,0,0,530,3570,0,0,0,7
Bristlelimb Village,,1780,-4588.5,-11603.5,17.7644,0,0,0,516,0,0,0,530,3571,0,0,0,7
Pod Cluster,,1781,-4414.18,-11970.8,24.2663,0,0,0,516,0,0,0,530,3567,0,0,0,7
Pod Wreckage,,1782,-4464.58,-12661,17.827,0,0,0,516,0,0,0,530,3568,0,0,0,7
Geezle's Camp,,1783,-4583.14,-12879.8,9.43615,0,0,0,16,0,0,0,530,3577,0,0,0,7
Azure Watch,,1784,-4179.47,-12501.5,50.0635,0,0,0,517,0,0,0,530,3576,0,0,3,7
The Exodar,,1785,-4007.31,-11873.6,-0.550287,0,0,0,541,0,0,0,530,3557,0,0,3,6
Valaar's Berth,,1786,-4257.04,-11424.7,17.4536,0,0,0,516,0,0,0,530,3574,0,0,0,7
Silting Shore,,1787,-3390.31,-11887,-0.81603,0,0,0,516,0,0,0,530,3575,0,0,0,7
Stillpine Hold,,1788,-3354.12,-12348.4,24.2002,0,0,0,516,0,0,0,530,3572,0,0,0,7
Menagerie Wreckage,,1789,-3300.91,-12730.9,21.1512,0,0,0,516,0,0,0,530,3578,0,0,0,7
The Sacred Grove,,1790,-3811.64,-13374.7,79.8344,0,0,0,516,0,0,0,530,3561,0,0,0,7
Wildwind Peak,,1791,-3768.73,-11465.4,314.5,0,0,0,516,0,0,0,530,3580,0,0,0,7
Emberglade,,1792,-3284.43,-12901,12.1127,0,0,0,516,0,0,0,530,3564,0,0,0,7
Odesyus' Landing,,1793,-4694.52,-12411.2,11.8779,0,0,0,516,0,0,0,530,3573,0,0,0,7
Traitor's Cove,,1794,-5081.78,-11265.1,-0.471041,0,0,0,516,0,0,0,530,3579,0,0,0,7
Crash Site,,1795,-4145.27,-13739.4,124.394,0,0,0,516,0,0,0,530,3526,0,0,0,5
Shadow Ridge,,1796,-4537.33,-13338,93.3595,0,0,0,516,0,0,0,530,3530,0,0,0,7
Silverline Lake,,1797,-4386.85,-13595.1,31.8966,0,0,0,516,0,0,0,530,3528,0,0,0,7
Nestlewood Thicket,,1798,-4397.99,-13805.5,56.5289,0,0,0,516,0,0,0,530,3529,0,0,0,7
Ammen Fields,,1799,-4164.96,-13487.2,45.5698,0,0,0,516,0,0,0,530,3560,0,0,0,7
Moonwing Den,,1800,-5065.18,-11067.8,27.1412,0,0,0,516,0,0,0,530,3566,0,0,0,7
Tide's Hollow,,1801,-4871.51,-11598,7.00633,0,0,0,516,0,0,0,530,3569,0,0,0,7
Suncrown Village,,1802,7988.71,-7299.7,143.115,0,0,0,516,0,0,0,530,3489,0,0,0,7
Zeb'Sora,,1803,8014.57,-7793.08,166.955,0,0,0,516,0,0,0,530,3512,0,0,0,7
Dawnstar Spire,,1804,7828.3,-7844.05,169.19,0,0,0,516,0,0,0,530,3495,0,0,0,7
Farstrider Enclave,,1805,7543.67,-7665.41,151.285,0,0,0,516,0,0,0,530,3496,0,0,0,7
Zeb'Tela,,1806,7371.75,-7805.6,148.739,0,0,0,516,0,0,0,530,3516,0,0,0,7
Sanctum of the Sun,,1807,7186.54,-7125.71,83.7449,0,0,0,516,0,0,0,530,3493,0,0,0,7
An'telas,,1808,7451.8,-7290.97,95.3986,0,0,0,516,0,0,0,530,3498,0,0,0,7
Amani Catacombs,,1809,7638.25,-7310.51,155.013,0,0,0,516,0,0,0,530,3510,0,0,0,7
Zeb'Nowa,,1810,6909.73,-7378.86,55.9749,0,0,0,516,0,0,0,530,3517,0,0,0,7
Amani Pass,,1811,6857.14,-7680.32,107.117,0,0,0,516,0,0,0,530,3508,0,0,0,7
Andilien Estate,,1812,7034.17,-6823.45,44.6389,0,0,0,516,0,0,0,530,3506,0,0,0,7
Howling Ziggurat,,1813,7168.21,-6615.66,63.113,0,0,0,516,0,0,0,530,3502,0,0,0,7
Bleeding Ziggurat,,1814,7219.75,-6416.48,59.1652,0,0,0,516,0,0,0,530,3501,0,0,0,7
Underlight Mines,,1815,7208.95,-6247.08,19.414,0,0,0,516,0,0,0,530,3505,0,0,0,7
Windrunner Village,,1816,7260.98,-5936.89,17.856,0,0,0,516,0,0,0,530,3491,0,0,0,7
Sanctum of the Moon,,1817,7536.23,-6408.08,13.2098,0,0,0,516,0,0,0,530,3494,0,0,0,7
Golden Mist Village,,1818,7911.24,-6180.77,20.2094,0,0,0,516,0,0,0,530,3490,0,0,0,7
An'daroth,,1819,7933.11,-6507.79,46.7217,0,0,0,516,0,0,0,530,3497,0,0,0,7
Tor'Watha,,1820,8538.68,-7931.78,154.913,0,0,0,516,0,0,0,530,3476,0,0,0,7
Zeb'Watha,,1821,8445.3,-7596.97,157.149,0,0,0,516,0,0,0,530,3475,0,0,0,7
East Sanctum,,1822,8742.78,-7105.38,46.9539,0,0,0,516,0,0,0,530,3467,0,0,0,7
Saltheril's Haven,,1823,8645.7,-6372.79,53.4613,0,0,0,516,0,0,0,530,3468,0,0,0,7
West Sanctum,,1824,9100.33,-6223.32,19.0553,0,0,0,516,0,0,0,530,3466,0,0,0,7
North Sanctum,,1825,9297.83,-6659.46,39.5448,0,0,0,516,0,0,0,530,3465,0,0,0,7
Stillwhisper Pond,,1826,9215.16,-7211.67,1.01429,0,0,0,516,0,0,0,530,3470,0,0,0,7
The Vector Coil,,1827,-1944.84,-10678.4,116.106,0,0,0,516,0,0,0,530,3586,0,0,0,7
The Cryo-Core,,1828,-2077.3,-11344.5,85.5164,0,0,0,516,0,0,0,530,3588,0,0,0,7
The Warp Piston,,1829,-1209.9,-11802.8,3.75533,0,0,0,516,0,0,0,530,3587,0,0,0,7
Bladewood,,1830,-1753.26,-11622.5,34.0168,0,0,0,516,0,0,0,530,3585,0,0,0,7
Wrathscale Lair,,1831,-2220.94,-12324.7,57.3032,0,0,0,516,0,0,0,530,3590,0,0,0,7
Ruins of Loreth'Aran,,1832,-1746.56,-12079.8,33.3461,0,0,0,516,0,0,0,530,3591,0,0,0,7
Nazzivian,,1833,-2415.29,-11295.7,30.367,0,0,0,516,0,0,0,530,3592,0,0,0,7
Axxarien,,1834,-1515.3,-11384.8,67.7485,0,0,0,516,0,0,0,530,3593,0,0,0,7
The Foul Pond,,1835,-1573.69,-11052.2,53.3146,0,0,0,516,0,0,0,530,3595,0,0,0,7
The Hidden Reef,,1836,-1220.49,-11143.2,-40.5749,0,0,0,516,0,0,0,530,3596,0,0,0,7
Amberweb Pass,,1837,-1516.76,-10755.1,54.6357,0,0,0,516,0,0,0,530,3597,0,0,0,7
Ragefeather Ridge,,1838,-1549.41,-11889.5,22.8055,0,0,0,516,0,0,0,530,3601,0,0,0,7
Talon Stand,,1839,-1217.23,-12449.1,95.0323,0,0,0,516,0,0,0,530,3599,0,0,0,7
Bristlebend Enclave,,1840,-2496.43,-12216.7,28.0214,0,0,0,516,0,0,0,530,3600,0,0,0,7
The Overlook,Neutral,1841,-199.731,3466.6,32.5614,0,0,0,647,0,0,0,530,3483,2482,0,0,6
The Overlook,Alliance Controlled,1842,-199.628,3466.98,32.7123,0,0,0,647,0,0,0,530,3483,2480,0,0,11
The Overlook,Horde Controlled,1843,-199.434,3467.1,32.9515,0,0,0,647,0,0,0,530,3483,2481,0,0,10
Broken Hill,Neutral,1844,-466.044,3467.61,37.9955,0,0,0,647,0,0,0,530,3483,2485,0,0,6
Broken Hill,Alliance Controlled,1845,-465.609,3467.81,37.9727,0,0,0,647,0,0,0,530,3483,2483,0,0,11
Broken Hill,Horde Controlled,1846,-465.397,3467.81,37.9455,0,0,0,647,0,0,0,530,3483,2484,0,0,10
The Stadium,Neutral,1847,-291.268,3702.61,58.1998,0,0,0,647,0,0,0,530,3483,2472,0,0,6
The Stadium,Alliance Controlled,1848,-290.921,3702.59,58.127,0,0,0,647,0,0,0,530,3483,2471,0,0,11
The Stadium,Horde Controlled,1849,-290.818,3702.22,58.1442,0,0,0,647,0,0,0,530,3483,2470,0,0,10
West Beacon,Alliance Controlled,1894,374.82,7333.08,49.4439,0,0,0,647,0,0,0,530,3521,2644,0,0,11
West Beacon,Horde Controlled,1895,374.83,7333.08,49.4439,0,0,0,647,0,0,0,530,3521,2645,0,0,10
West Beacon,,1896,374.813,7333.08,49.4438,0,0,0,647,0,0,0,530,3521,2646,0,0,6
Twinspire Graveyard,,1897,246.488,7084.32,36.13,0,0,0,647,0,0,0,530,3521,2647,0,0,8
Twinspire Graveyard,Alliance Controlled,1898,246.489,7084.33,36.1296,0,0,0,647,0,0,0,530,3521,2648,0,0,15
Twinspire Graveyard,Horde Controlled,1899,246.491,7084.32,36.1302,0,0,0,647,0,0,0,530,3521,2649,0,0,13
East Beacon,Alliance Controlled,1901,341.394,6833.16,48.2395,0,0,0,647,0,0,0,530,3521,2650,0,0,11
East Beacon,Horde Controlled,1902,341.234,6833.17,48.4404,0,0,0,647,0,0,0,530,3521,2651,0,0,10
East Beacon,,1903,341.409,6833.08,48.0551,0,0,0,647,0,0,0,530,3521,2652,0,0,6
Alliance Field Scout,,1904,374.129,6229.92,22.7453,0,0,0,647,0,0,0,530,3521,2656,0,0,45
Alliance Field Scout,,1905,374.146,6229.91,22.7459,0,0,0,647,0,0,0,530,3521,2655,0,0,43
Horde Field Scout,,1906,296.583,7820.33,42.0831,0,0,0,647,0,0,0,530,3521,2657,0,0,45
Horde Field Scout,,1907,296.632,7820.35,42.0831,0,0,0,647,0,0,0,530,3521,2658,0,0,44
Wyvern Camp,Uncontrolled,1908,-1656.53,7733.27,-15.5082,0,0,0,647,0,0,0,530,3518,2659,0,0,47
Wyvern Camp,Horde Controlled,1909,-1656.64,7733.22,-15.5191,0,0,0,647,0,0,0,530,3518,2660,0,0,48
Wyvern Camp,Alliance Controlled,1910,-1656.65,7733.18,-15.5226,0,0,0,647,0,0,0,530,3518,2661,0,0,46
Wyvern Camp,Uncontrolled,1911,-1512.81,8135.79,-20.2073,0,0,0,647,0,0,0,530,3518,2667,0,0,47
Wyvern Camp,Alliance Controlled,1912,-1512.88,8135.7,-20.2285,0,0,0,647,0,0,0,530,3518,2666,0,0,46
Wyvern Camp,Horde Controlled,1913,-1512.85,8135.71,-20.2234,0,0,0,647,0,0,0,530,3518,2665,0,0,48
Wyvern Camp,Uncontrolled,1914,-1817.36,8038.34,-26.4444,0,0,0,647,0,0,0,530,3518,2670,0,0,47
Wyvern Camp,Horde Controlled,1915,-1817.4,8038.21,-26.4304,0,0,0,647,0,0,0,530,3518,2668,0,0,48
Wyvern Camp,Alliance Controlled,1916,-1817.37,8038.18,-26.4272,0,0,0,647,0,0,0,530,3518,2669,0,0,46
Wyvern Camp,Uncontrolled,1917,-1387.35,7781.24,-11.4444,0,0,0,647,0,0,0,530,3518,2662,0,0,47
Wyvern Camp,Alliance Controlled,1918,-1387.23,7781.24,-11.4362,0,0,0,647,0,0,0,530,3518,2664,0,0,46
Wyvern Camp,Horde Controlled,1919,-1387.35,7781.25,-11.4445,0,0,0,647,0,0,0,530,3518,2663,0,0,48
Halaa,,1920,-1573.7,7942.06,-22.5635,0,0,0,645,0,0,0,530,3518,2671,0,0,31
Halaa,Horde Controlled,1921,-1573.61,7942.09,-22.5623,0,0,0,645,0,0,0,530,3518,2672,0,0,35
Halaa,Alliance Controlled,1922,-1573.6,7942.03,-22.5605,0,0,0,645,0,0,0,530,3518,2673,0,0,33
Halaa,,1923,-1573.6,7942.06,-22.5612,0,0,0,645,0,0,0,530,3518,2676,0,0,32
Halaa,,1924,-1573.68,7942,-22.5616,0,0,0,645,0,0,0,530,3518,2677,0,0,34
Spirit Tower,,1925,-3082.84,5329.92,-18.6409,0,0,0,647,0,0,0,530,3519,2681,0,0,6
Spirit Tower,Alliance Controlled,1926,-3082.89,5329.91,-18.6401,0,0,0,647,0,0,0,530,3519,2683,0,0,11
Spirit Tower,Horde Controlled,1927,-3082.88,5329.91,-18.6402,0,0,0,647,0,0,0,530,3519,2682,0,0,10
Spirit Tower,,1928,-2944.75,4788.92,-17.6654,0,0,0,647,0,0,0,530,3519,2686,0,0,6
Spirit Tower,Alliance Controlled,1929,-2944.78,4788.99,-17.6642,0,0,0,647,0,0,0,530,3519,2684,0,0,11
Spirit Tower,Horde Controlled,1930,-2944.75,4789.01,-17.6647,0,0,0,647,0,0,0,530,3519,2685,0,0,10
Spirit Tower,,1931,-3170.13,4438.59,-19.581,0,0,0,647,0,0,0,530,3519,2690,0,0,6
Spirit Tower,Alliance Controlled,1932,-3170.17,4438.58,-19.5813,0,0,0,647,0,0,0,530,3519,2688,0,0,11
Spirit Tower,Horde Controlled,1933,-3170.19,4438.55,-19.5813,0,0,0,647,0,0,0,530,3519,2689,0,0,10
Spirit Tower,,1934,-3601.07,4533.99,-14.8928,0,0,0,647,0,0,0,530,3519,2696,0,0,6
Spirit Tower,Alliance Controlled,1935,-3600.99,4533.97,-14.8918,0,0,0,647,0,0,0,530,3519,2694,0,0,11
Spirit Tower,Horde Controlled,1936,-3601.06,4533.97,-14.8931,0,0,0,647,0,0,0,530,3519,2695,0,0,10
Spirit Tower,,1937,-3807.71,4896.94,-18.0962,0,0,0,647,0,0,0,530,3519,2693,0,0,6
Spirit Tower,Alliance Controlled,1938,-3807.66,4896.9,-18.0948,0,0,0,647,0,0,0,530,3519,2691,0,0,11
Spirit Tower,Horde Controlled,1939,-3807.7,4896.87,-18.0948,0,0,0,647,0,0,0,530,3519,2692,0,0,10
Blood Watch,,1940,-1990.97,-11866.2,47.1723,0,0,0,517,0,0,0,530,3584,0,0,3,7
Blood Elf Tower,Uncontrolled,1941,2050.45,1372.22,1194.56,0,0,0,655,0,0,0,566,3820,2722,0,0,6
Blood Elf Tower,Alliance Controlled,1942,2050.43,1372.23,1194.56,0,0,0,655,0,0,0,566,3820,2723,0,0,11
Blood Elf Tower,Horde Controlled,1943,2050.45,1372.23,1194.56,0,0,0,655,0,0,0,566,3820,2724,0,0,10
Fel Reaver Ruins,Uncontrolled,1944,2026.33,1749.76,1195.12,0,0,0,655,0,0,0,566,3820,2725,0,0,6
Fel Reaver Ruins,Alliance Controlled,1945,2026.35,1749.75,1195.11,0,0,0,655,0,0,0,566,3820,2726,0,0,11
Fel Reaver Ruins,Horde Controlled,1946,2026.35,1749.75,1195.11,0,0,0,655,0,0,0,566,3820,2727,0,0,10
Mage Tower,Uncontrolled,1947,2281.04,1763.04,1189.72,0,0,0,655,0,0,0,566,3820,2728,0,0,6
Mage Tower,Alliance Controlled,1948,2281.03,1763.04,1189.72,0,0,0,655,0,0,0,566,3820,2730,0,0,11
Mage Tower,Horde Controlled,1949,2281.03,1763.04,1189.72,0,0,0,655,0,0,0,566,3820,2729,0,0,10
Draenei Ruins,Uncontrolled,1950,2302.85,1388.07,1197.5,0,0,0,655,0,0,0,566,3820,2731,0,0,6
Draenei Ruins,Alliance Controlled,1951,2302.86,1388.07,1197.5,0,0,0,655,0,0,0,566,3820,2732,0,0,11
Draenei Ruins,Horde Controlled,1952,2302.85,1388.07,1197.5,0,0,0,655,0,0,0,566,3820,2733,0,0,10
Draenei Ruins,In Conflict,1953,2302.84,1388.07,1197.5,0,0,0,655,0,0,0,566,3820,2738,0,0,9
Draenei Ruins,In Conflict,1954,2302.85,1388.07,1197.5,0,0,0,655,0,0,0,566,3820,2737,0,0,12
Mage Tower,In Conflict,1955,2281.04,1763.04,1189.72,0,0,0,655,0,0,0,566,3820,2741,0,0,9
Mage Tower,In Conflict,1956,2281.04,1763.03,1189.72,0,0,0,655,0,0,0,566,3820,2742,0,0,12
Fel Reaver Ruins,In Conflict,1957,2026.35,1749.76,1195.11,0,0,0,655,0,0,0,566,3820,2739,0,0,9
Fel Reaver Ruins,In Conflict,1958,2026.34,1749.76,1195.12,0,0,0,655,0,0,0,566,3820,2740,0,0,12
Blood Elf Tower,In Conflict,1959,2050.43,1372.23,1194.56,0,0,0,655,0,0,0,566,3820,2735,0,0,9
Blood Elf Tower,In Conflict,1960,2050.45,1372.22,1194.56,0,0,0,655,0,0,0,566,3820,2736,0,0,12
Shattrath City,,1961,-1863.83,5429.83,-9.70547,0,0,0,541,0,0,0,530,3703,0,0,3,6
Netherstorm Flag,Not Controlled,1962,2174.5,1569.48,1160.43,0,0,0,647,0,0,0,566,3820,2757,0,0,45
Wyvern Camp,Uncontrolled,1963,-1817.41,8038.24,-26.434,0,0,0,647,0,0,0,530,3518,2760,0,0,49
Wyvern Camp,Uncontrolled,1964,-1512.78,8135.72,-20.2124,0,0,0,647,0,0,0,530,3518,2761,0,0,49
Wyvern Camp,Uncontrolled,1965,-1387.29,7781.21,-11.4389,0,0,0,647,0,0,0,530,3518,2762,0,0,49
Wyvern Camp,Uncontrolled,1966,-1656.66,7733.23,-15.5197,0,0,0,647,0,0,0,530,3518,2763,0,0,49
"Falconwing Square, Paladin Trainer",,1999,9516,-6871.03,18.75,0,0,0,0,0,0,0,530,3665,0,0,0,1
Shalandris Isle,,2005,7704.54,-5690.85,2.40701,0,0,0,516,0,0,0,530,3503,0,0,0,7
An'owyn,,2006,6822.26,-7202.79,25.8521,0,0,0,516,0,0,0,530,3499,0,0,0,7
Golden Strand,,2015,9050.31,-5844.63,-6.92693,0,0,0,516,0,0,0,530,3460,0,0,0,7
The Dead Scar,,2016,9146.88,-6966.3,8.88812,0,0,0,516,0,0,0,530,3482,0,0,0,7
Thuron's Livery,,2017,9263.48,-7495.62,37.8467,0,0,0,516,0,0,0,530,3469,0,0,0,7
Duskwither Spire,,2018,9335.37,-7884.4,142.246,0,0,0,516,0,0,0,530,3481,0,0,0,7
Golden Strand,,2019,8732.59,-5701.58,-1.44282,0,0,0,516,0,0,0,530,3460,0,0,0,7
The Dead Scar,,2020,8433.61,-7008.6,93.5002,0,0,0,516,0,0,0,530,3482,0,0,0,7
Coilfang Reservoir,,2021,567.344,6943.26,-32.4771,0,0,0,516,0,0,0,530,3905,0,0,0,7
Serpent Lake,,2022,546.771,7214.29,-28.1853,0,0,0,516,0,0,0,530,3653,0,0,0,7
Serpent Lake,,2023,574.777,6613.34,-5.46778,0,0,0,516,0,0,0,530,3653,0,0,0,7
Umbrafen Lake,,2024,-325.616,5702.5,-22.3172,0,0,0,516,0,0,0,530,3655,0,0,0,7
Umbrafen Lake,,2025,-712.157,5700.55,-14.9151,0,0,0,516,0,0,0,530,3655,0,0,0,7
Toshley's Station,,2034,1917.5,5566.59,263.164,0,0,0,525,0,0,0,530,3918,0,0,3,5
Zabra'jin,,2058,256.993,7853.89,23.6173,0,0,0,525,0,0,0,530,3645,0,0,3,5
Sporeggar,,2059,233.297,8498.02,23.1166,0,0,0,525,0,0,0,530,3649,0,0,3,5
Orebor Harborage,,2060,999.593,7369.97,36.2685,0,0,0,525,0,0,0,530,3766,0,0,3,5
Telredor,,2061,281.781,6042.78,130.29,0,0,0,525,0,0,0,530,3644,0,0,3,5
Cenarion Refuge,,2062,-237.101,5519.13,25.5686,0,0,0,525,0,0,0,530,3565,0,0,3,5
Swamprat Post,,2063,103.671,5204.96,21.3977,0,0,0,525,0,0,0,530,3718,0,0,3,5
Garadar,,2064,-1322.49,7214.32,33.4252,0,0,0,525,0,0,0,530,3613,0,0,3,5
Telaar,,2065,-2657.54,7282.29,31.4156,0,0,0,525,0,0,0,530,3626,0,0,3,5
Sylvanaar,,2066,2057.07,6845.29,172.562,0,0,0,525,0,0,0,530,3772,0,0,3,5
Thunderlord Stronghold,,2067,2395.66,6000.24,149.43,0,0,0,525,0,0,0,530,3769,0,0,3,5
Evergrove,,2068,2990.17,5470.22,143.774,0,0,0,525,0,0,0,530,3951,0,0,3,5
Temple of Telhamat,,2069,143.138,4333.41,106.317,0,0,0,525,0,0,0,530,3552,0,0,3,5
The Stormspire,,2070,4119.72,2995.7,350.664,0,0,0,525,0,0,0,530,3738,0,0,3,5
Area 52,,2071,3031.08,3687.24,143.055,0,0,0,525,0,0,0,530,3712,0,0,3,5
Cosmowrench,,2072,2964.62,1789.14,139.121,0,0,0,525,0,0,0,530,3724,0,0,3,5
Stonebreaker Hold,,2073,-2643.03,4416.87,35.3788,0,0,0,525,0,0,0,530,3683,0,0,3,5
Allerian Stronghold,,2074,-2958.41,3971.65,1.27412,0,0,0,525,0,0,0,530,3684,0,0,3,5
Shadowmoon Village,,2075,-3022.78,2582.05,77.5678,0,0,0,525,0,0,0,530,3744,0,0,3,5
Wildhammer Stronghold,,2076,-3995.69,2186.96,104.745,0,0,0,525,0,0,0,530,3745,0,0,3,5
Sanctum of the Stars,,2077,-4099.49,1117.34,42.7485,0,0,0,525,0,0,0,530,3938,0,0,3,5
Altar of Sha'tar,,2078,-3042.85,804.584,-9.65504,0,0,0,525,0,0,0,530,3754,0,0,3,5
Ogri'la,,2080,2329.84,7297.04,365.796,0,0,0,525,0,0,0,530,3786,0,0,3,5
Mudsprocket,,2083,-4590.83,-3182.5,34.9064,0,0,0,525,0,0,0,1,4010,0,0,3,5
Westguard Keep,,2084,1386.61,-3247.23,160.907,0,0,0,525,0,0,0,571,3998,0,0,3,5
Kamagua,,2085,767.473,-2904.19,6.44567,0,0,0,525,0,0,0,571,3988,0,0,3,5
Valgarde,,2086,616.887,-5007.05,2.97427,0,0,0,525,0,0,0,571,3981,0,0,3,5
Vengeance Landing,,2087,1923.22,-6160.07,24.069,0,0,0,525,0,0,0,571,4000,0,0,3,5
New Agamand,,2088,407.822,-4599.75,240.794,0,0,0,525,0,0,0,571,3991,0,0,3,5
Fort Wildervar,,2089,2448.53,-5114.01,276.358,0,0,0,525,0,0,0,571,4003,0,0,3,5
Camp Winterhoof,,2090,2666.23,-4362.25,278.099,0,0,0,525,0,0,0,571,-1,0,0,3,5
Sun's Reach Sanctum,Held by the enemy,2096,12787.3,-6885.54,13.3894,0,0,0,516,0,0,0,530,4080,3418,0,0,0
Sun's Reach Sanctum,Shattered Sun Offensive,2097,12787.4,-6885.6,13.3894,0,0,0,516,0,0,0,530,4080,3419,0,0,0
Sun's Reach Armory,Held by the enemy,2098,12683.2,-6957.78,15.5542,0,0,0,516,0,0,0,530,4080,3414,0,0,0
Sun's Reach Armory,Shattered Sun Offensive,2099,12683.3,-6957.8,15.5542,0,0,0,516,0,0,0,530,4080,3415,0,0,0
Sun's Reach Harbor,Held by the enemy,2100,12825.6,-7015.24,18.5927,0,0,0,516,0,0,0,530,4080,3416,0,0,0
Sun's Reach Harbor,Shattered Sun Offensive,2101,12825.7,-7015.17,18.5927,0,0,0,516,0,0,0,530,4080,3417,0,0,0
Town Hall,Town Hall,2105,2355.44,1195.52,130.521,0,0,0,259,0,0,0,595,4100,3585,0,0,45
Elder's Square Gate,Elder's Square Gate,2106,2279.17,1138.86,138.046,0,0,0,259,0,0,0,595,4100,3581,0,0,45
Festival Lane Gate,Festival Lane Gate,2107,2184.28,1236.69,136.484,0,0,0,259,0,0,0,595,4100,3582,0,0,45
Market Row Gate,Market Row Gate,2108,2225.75,1331.91,127.006,0,0,0,259,0,0,0,595,4100,3584,0,0,45
King's Square Fountain,King's Square Fountain,2109,2122.57,1354.61,131.484,0,0,0,259,0,0,0,595,4100,3583,0,0,45
Stormwind Harbor,,2110,-8573.47,990.095,96.3078,0,0,0,0,0,0,0,0,4253,0,0,0,7
Gate of the Purple Amethyst,,2111,1216.33,79.1829,53.3525,0,0,0,647,0,0,0,607,4384,3614,0,0,105
Gate of the Red Sun,,2114,1232.38,-210.044,55.1186,0,0,0,935,0,0,0,607,4384,3617,0,0,77
Gate of the Blue Sapphire,,2117,1433.07,-216.331,30.8668,0,0,0,959,0,0,0,607,4384,3620,0,0,80
Gate of the Green Emerald,,2120,1414.54,104.746,29.9468,0,0,0,959,0,0,0,607,4384,3623,0,0,108
The Frostbreaker,Alliance Offense,2123,1571.42,87.6971,4.29729,0,0,0,959,0,0,0,607,4384,3626,0,0,46
The Graceful Maiden,Alliance Offense,2124,1570.41,-145.681,5.71539,0,0,0,959,0,0,0,607,4384,3627,0,0,46
The Blightbringer,Horde Offense,2125,1571.34,-143.83,5.95773,0,0,0,959,0,0,0,607,4384,3628,0,0,48
The Casket Carrier,Horde Offense,2126,1571.31,87.2816,4.24728,0,0,0,959,0,0,0,607,4384,3629,0,0,48
Horde Defense,,2127,794.829,-108.578,499.238,0,0,0,959,0,0,0,607,4384,3631,0,0,48
Alliance Defense,,2128,794.854,-108.89,499.254,0,0,0,959,0,0,0,607,4384,3630,0,0,46
East Graveyard,Horde Controlled,2129,1338.26,-155.265,31.7632,0,0,0,959,0,0,0,607,4384,3632,0,0,13
East Graveyard,Alliance Controlled,2130,1338.91,-155.733,31.7634,0,0,0,959,0,0,0,607,4384,3636,0,0,15
West Graveyard,Alliance Controlled,2132,1308.6,8.67329,31.7639,0,0,0,959,0,0,0,607,4384,3635,0,0,15
South Graveyard,Horde Controlled,2133,1220.74,-70.5094,70.4493,0,0,0,959,0,0,0,607,4384,3634,0,0,13
South Graveyard,Alliance Controlled,2134,1220.39,-70.6197,70.4493,0,0,0,959,0,0,0,607,4384,3637,0,0,15
Gate of the Yellow Moon,,2135,1058.72,-107.526,81.8202,0,0,0,959,0,0,0,607,4384,3638,0,0,102
Death's Rise,,2138,7424.22,4187.86,322.244,0,0,0,1,0,0,0,571,4467,0,0,3,5
The Shadow Vault,,2139,8428.89,2707.51,655.094,0,0,0,525,0,0,0,571,4477,0,0,3,5
Shadowsight Tower,,2141,4556.98,3623.77,449.097,0,0,0,903,0,0,0,571,4197,3704,0,0,6
Winter's Edge Tower,,2142,4397.97,2822.6,458.842,0,0,0,903,0,0,0,571,4197,3705,0,0,6
Flamewatch Tower,,2143,4458.95,1944.13,488.206,0,0,0,903,0,0,0,571,4197,3706,0,0,6
Wintergrasp Fortress Tower (SW),,2144,5161.26,2934.32,462.306,0,0,0,903,0,0,0,571,4197,3713,0,0,6
Wintergrasp Fortress Tower (SE),,2145,5164.64,2747.98,462.357,0,0,0,903,0,0,0,571,4197,3714,0,0,6
Wintergrasp Fortress Tower (NE),,2146,5279.47,2632.11,462.265,0,0,0,903,0,0,0,571,4197,3712,0,0,6
Wintergrasp Fortress Tower (NW),,2147,5280.07,3046.51,461.025,0,0,0,903,0,0,0,571,4197,3711,0,0,6
Fortress Vehicle Workshop (E),,2149,5389.97,2712.18,442.118,0,0,0,903,0,0,0,571,4197,3699,0,0,65
Fortress Vehicle Workshop (W),,2150,5390.88,2979.48,442.291,0,0,0,903,0,0,0,571,4197,3698,0,0,65
Eastspark Vehicle Workshop,,2151,4360.35,2352.27,409.367,0,0,0,903,0,0,0,571,4197,3703,0,0,65
Westspark Vehicle Workshop,,2152,4355.01,3308.44,405.114,0,0,0,903,0,0,0,571,4197,3702,0,0,65
Broken Temple Vehicle Workshop,,2153,4961.23,3384.18,409.978,0,0,0,903,0,0,0,571,4197,3700,0,0,65
Sunken Ring Vehicle Workshop,,2154,4942.82,2390.43,353.221,0,0,0,903,0,0,0,571,4197,3701,0,0,65
PvP Activity Detected,,2199,5048.52,2847.42,392.943,0,0,0,903,0,0,0,571,4197,3723,0,0,101
PvP Activity Detected,,2200,4484.44,2826.67,394.625,0,0,0,903,0,0,0,571,4197,3724,0,0,101
PvP Activity Detected,,2201,4763.67,2881.21,377.484,0,0,0,903,0,0,0,571,4197,3725,0,0,101
PvP Activity Detected,,2203,5052.91,3192.65,356.551,0,0,0,903,0,0,0,571,4197,3729,0,0,101
PvP Activity Detected,,2205,4812.1,3304.64,366.602,0,0,0,903,0,0,0,571,4197,3730,0,0,101
PvP Activity Detected,,2206,4730.25,2414.65,360.36,0,0,0,903,0,0,0,571,4197,3727,0,0,101
PvP Activity Detected,,2207,5018.89,2578.16,354.455,0,0,0,903,0,0,0,571,4197,3726,0,0,101
PvP Activity Detected,,2208,4493.03,3337.28,359.487,0,0,0,903,0,0,0,571,4197,3731,0,0,101
PvP Activity Detected,,2209,4497.72,2326.91,367.382,0,0,0,903,0,0,0,571,4197,3728,0,0,101
PvP Activity Detected,,2210,5010.88,2701.46,369.534,0,0,0,903,0,0,0,571,4197,3739,0,0,101
PvP Activity Detected,,2211,4821.56,2618.59,356.046,0,0,0,903,0,0,0,571,4197,3740,0,0,101
PvP Activity Detected,,2212,4450.37,2529.12,358.292,0,0,0,903,0,0,0,571,4197,3741,0,0,101
PvP Activity Detected,,2213,4516.68,2087.62,395.444,0,0,0,903,0,0,0,571,4197,3738,0,0,101
PvP Activity Detected,,2214,4774.63,2045.92,425.678,0,0,0,903,0,0,0,571,4197,3737,0,0,101
PvP Activity Detected,,2215,4402.92,3090.83,358.639,0,0,0,903,0,0,0,571,4197,3742,0,0,101
PvP Activity Detected,,2216,4789.57,3074.77,357.01,0,0,0,903,0,0,0,571,4197,3743,0,0,101
PvP Activity Detected,,2217,5046.72,3024.94,367.504,0,0,0,903,0,0,0,571,4197,3744,0,0,101
PvP Activity Detected,,2218,4400.1,3479.49,359.026,0,0,0,903,0,0,0,571,4197,3745,0,0,101
PvP Activity Detected,,2219,4558.4,3490.13,366.603,0,0,0,903,0,0,0,571,4197,3746,0,0,101
PvP Activity Detected,,2220,4837.71,3456.31,360.519,0,0,0,903,0,0,0,571,4197,3747,0,0,101
PvP Activity Detected,,2221,5085.96,3437.93,356.64,0,0,0,903,0,0,0,571,4197,3748,0,0,101
Wintergrasp Fortress Wall,,2222,5372.89,3047.3,431.065,0,0,0,391,0,0,0,571,4197,3749,0,0,92
Wintergrasp Fortress Wall,,2223,5331.85,3046.55,431.403,0,0,0,391,0,0,0,571,4197,3750,0,0,92
Wintergrasp Fortress Wall,,2224,5280.8,2995.93,432.302,0,0,0,391,0,0,0,571,4197,3751,0,0,83
Wintergrasp Fortress Wall,,2225,5279.13,2954.81,432.095,0,0,0,391,0,0,0,571,4197,3752,0,0,83
Wintergrasp Fortress Wall,,2226,5255.6,2934.08,432.836,0,0,0,391,0,0,0,571,4197,3753,0,0,92
Wintergrasp Fortress Wall,,2227,5216.08,2933.99,432.679,0,0,0,391,0,0,0,571,4197,3754,0,0,92
Wintergrasp Fortress Wall,,2228,5162.25,2882.84,433.732,0,0,0,391,0,0,0,571,4197,3755,0,0,83
Wintergrasp Fortress Gate,,2229,5162.54,2841.25,438.039,0,0,0,1927,0,0,0,571,4197,3763,0,0,74
Wintergrasp Fortress Wall,,2230,5163.71,2798.72,432.717,0,0,0,391,0,0,0,571,4197,3756,0,0,83
Wintergrasp Fortress Wall,,2231,5215.36,2747.99,432.667,0,0,0,391,0,0,0,571,4197,3757,0,0,92
Wintergrasp Fortress Wall,,2232,5256.52,2747.55,433.229,0,0,0,391,0,0,0,571,4197,3758,0,0,92
Wintergrasp Fortress Wall,,2233,5279.76,2725.12,433.423,0,0,0,391,0,0,0,571,4197,3759,0,0,83
Wintergrasp Fortress Wall,,2234,5279.45,2683.91,433.323,0,0,0,391,0,0,0,571,4197,3760,0,0,83
Wintergrasp Fortress Wall,,2235,5330.66,2630.69,432.759,0,0,0,391,0,0,0,571,4197,3761,0,0,92
Wintergrasp Fortress Wall,,2236,5372.93,2630.77,431.929,0,0,0,391,0,0,0,571,4197,3762,0,0,92
Wintergrasp Fortress Wall,,2237,5386.46,2909.89,433.194,0,0,0,391,0,0,0,571,4197,3764,0,0,92
Wintergrasp Fortress Wall,,2238,5343.39,2909.19,432.778,0,0,0,391,0,0,0,571,4197,3765,0,0,92
Wintergrasp Fortress Wall,,2239,5300.49,2909.33,433.359,0,0,0,391,0,0,0,571,4197,3766,0,0,92
Wintergrasp Fortress Wall,,2240,5279.34,2883.16,433.021,0,0,0,391,0,0,0,571,4197,3767,0,0,83
Wintergrasp Fortress Wall,,2241,5280.86,2840.4,433.472,0,0,0,391,0,0,0,571,4197,3768,0,0,83
Wintergrasp Fortress Wall,,2242,5280.32,2798.61,433.477,0,0,0,391,0,0,0,571,4197,3769,0,0,83
Wintergrasp Fortress Wall,,2243,5302.01,2771.67,433.389,0,0,0,391,0,0,0,571,4197,3770,0,0,92
Wintergrasp Fortress Wall,,2244,5343.66,2771.01,432.827,0,0,0,391,0,0,0,571,4197,3771,0,0,92
Wintergrasp Fortress Wall,,2245,5384.4,2772.53,433.744,0,0,0,391,0,0,0,571,4197,3772,0,0,92
Wintergrasp Fortress,,2246,5394.58,2841.49,418.914,0,0,0,903,0,0,0,571,4197,3773,0,0,74
PvP Activity Detected,,2247,5217.2,2842.45,409.191,0,0,0,903,0,0,0,571,4197,3774,0,0,101
PvP Activity Detected,,2248,5214.84,3011.21,404.377,0,0,0,903,0,0,0,571,4197,3775,0,0,101
PvP Activity Detected,,2249,5213.37,2684.88,406.243,0,0,0,903,0,0,0,571,4253,3776,0,0,101
PvP Activity Detected,,2250,5339.85,2700.9,409.166,0,0,0,903,0,0,0,571,4197,3777,0,0,101
PvP Activity Detected,,2251,5338.95,2841.39,409.239,0,0,0,903,0,0,0,571,4197,3778,0,0,101
PvP Activity Detected,,2252,5336.29,2978.43,409.191,0,0,0,903,0,0,0,571,4197,3779,0,0,101
PvP Activity Detected,,2253,4481.82,1993.34,431.451,0,0,0,903,0,0,0,571,4197,3794,0,0,101
PvP Activity Detected,,2254,4403.42,2349.1,375.579,0,0,0,903,0,0,0,571,4197,3791,0,0,101
PvP Activity Detected,,2255,4446.22,2820.74,402.839,0,0,0,903,0,0,0,571,4197,3795,0,0,101
PvP Activity Detected,,2256,4530.66,3584.57,396.104,0,0,0,903,0,0,0,2118,14288,3793,0,0,101
PvP Activity Detected,,2257,4394.79,3294.74,372.429,0,0,0,903,0,0,0,571,4197,3792,0,0,101
PvP Activity Detected,,2258,4946.42,3331.67,376.882,0,0,0,903,0,0,0,571,4197,3788,0,0,101
PvP Activity Detected,,2259,4932.31,2440.47,320.176,0,0,0,903,0,0,0,571,4197,3790,0,0,101
PvP Activity Detected,,2260,4860.4,2023.33,396.598,0,0,0,903,0,0,0,571,4197,3797,0,0,101
PvP Activity Detected,,2261,4310.33,1810.36,348.633,0,0,0,903,0,0,0,571,4197,3798,0,0,101
PvP Activity Detected,,2262,4489.01,4028.89,411.913,0,0,0,903,0,0,0,571,4197,3799,0,0,101
PvP Activity Detected,,2263,4696.33,3806.99,362.268,0,0,0,903,0,0,0,571,4197,3796,0,0,101
Wintergrasp,Control of Wintergrasp,2264,5121.38,2845.14,405.681,0,0,0,424,0,0,0,571,4197,3804,0,0,48
Sunken Ring Graveyard,,2265,5105.61,2300.68,368.485,0,0,0,903,0,0,0,571,4197,3701,0,0,8
Broken Temple Graveyard,,2266,5102.12,3463.95,368.485,0,0,0,903,0,0,0,571,4197,3700,0,0,8
Fortress Graveyard,,2268,5538.38,2894.84,517.055,0,0,0,903,0,0,0,571,4197,3773,0,0,8
Southwest Graveyard,,2269,4336.28,3234.63,390.251,0,0,0,903,0,0,0,571,4197,3702,0,0,8
Southeast Graveyard,,2270,4318.94,2408,392.581,0,0,0,903,0,0,0,571,4197,3703,0,0,8
Chamber of Ancient Relics,,2292,881.703,-108.355,109.835,0,0,0,959,0,0,0,607,4384,3849,0,0,80
Wyrmrest Temple,,2298,3546.8,273.257,45.5803,0,0,0,525,0,0,0,571,4161,0,0,3,5
Venomspite,,2299,3240.58,-692.569,166.881,0,0,0,525,0,0,0,571,4186,0,0,3,5
Stars' Rest,,2300,3495.58,1993.21,64.8623,0,0,0,525,0,0,0,571,4158,0,0,3,5
Agmar's Hammer,,2301,3830.9,1580.96,91.5788,0,0,0,525,0,0,0,571,4165,0,0,3,5
Moa'ki Harbor,,2302,2780.97,878.934,5.31823,0,0,0,525,0,0,0,571,4152,0,0,3,5
Valiance Keep,,2303,2279.52,5248.36,11.1654,0,0,0,525,0,0,0,571,4032,0,0,3,5
Warsong Hold,,2304,2837.43,6186.49,277.412,0,0,0,525,0,0,0,571,4129,0,0,3,5
Unu'pe,,2305,3013.88,4103.26,24.6334,0,0,0,525,0,0,0,571,4113,0,0,3,5
Taunka'le Village,,2306,3445.23,4111,15.8668,0,0,0,525,0,0,0,571,4037,0,0,3,5
Fizzcrank Airstrip,,2307,4158.73,5281.77,26.0579,0,0,0,525,0,0,0,571,4108,0,0,3,5
Bor'gorok Outpost,,2308,4497.92,5727.56,80.8764,0,0,0,525,0,0,0,571,4122,0,0,3,5
Wintergarde Keep,,2309,3780.27,-734.763,241.097,0,0,0,525,0,0,0,571,4177,0,0,3,5
Conquest Hold,,2310,3250.52,-2252.59,114.548,0,0,0,525,0,0,0,571,4206,0,0,3,5
Amberpine Lodge,,2311,3415.69,-2788,228.903,0,0,0,525,0,0,0,571,4204,0,0,3,5
Camp Oneqwah,,2312,3855.81,-4524.73,209.266,0,0,0,525,0,0,0,571,4211,0,0,3,5
Westfall Brigade Encampment,,2313,4554.15,-4213.86,170.492,0,0,0,525,0,0,0,571,4159,0,0,3,5
The Argent Stand,,2314,5450.08,-2575.08,303.954,0,0,0,525,0,0,0,571,4275,0,0,3,5
Zim'Torga,,2315,5764.67,-3563.47,387.335,0,0,0,525,0,0,0,571,4323,0,0,3,5
Nesingwary Base Camp,,2316,5565.21,5757.52,-75.3093,0,0,0,525,0,0,0,571,4284,0,0,3,5
Dalaran,,2317,5805.22,639.992,647.771,0,0,0,669,0,0,0,571,4395,0,0,4,6
Camp Tunka'lo,,2318,7795.98,-2885.31,1245.18,0,0,0,525,0,0,0,571,4441,0,0,3,5
Brunnhildar Village,,2319,6953.43,-1653.6,810.822,0,0,0,525,0,0,0,571,4422,0,0,3,5
K3,,2320,6124.23,-1061.87,402.571,0,0,0,525,0,0,0,571,4418,0,0,3,5
Frosthold,,2321,6680.32,-231.676,945.471,0,0,0,525,0,0,0,571,4428,0,0,3,5
Grom'arsh Crash-Site,,2322,7857.19,-749.898,1180.01,0,0,0,525,0,0,0,571,4429,0,0,3,5
Crusaders' Pinnacle,,2323,6410.24,441.831,511.291,0,0,0,525,0,0,0,571,4580,0,0,3,5
West Graveyard,Horde Controlled,2324,1309,8.65516,30.8958,0,0,0,959,0,0,0,607,4384,3633,0,0,13
Tower of Life,Supplies power to Freya's Ward,2331,-223.332,-299.08,418.652,0,0,0,903,0,0,0,603,4273,4053,0,0,10
Tower of Flames,Provides power to Mimiron's Inferno,2332,-79.7775,89.057,483.743,0,0,0,903,0,0,0,603,4445,4195,0,0,10
Tower of Frost,Provides power to Hodir's Fury,2333,82.2553,-392.476,460.16,0,0,0,903,0,0,0,603,4445,4196,0,0,10
Tower of Storms,Provides power to Thorim's Hammer,2334,341.266,317.85,459.083,0,0,0,903,0,0,0,603,4445,4197,0,0,10
Workshop,Alliance Controlled,2345,772.7344,-805.5174,6.617547,0,0,0,943,0,0,0,628,4710,4229,0,0,136
Workshop,Horde Controlled,2346,772.7344,-805.5174,6.617547,0,0,0,943,0,0,0,628,4710,4230,0,0,138
Workshop,In Conflict,2347,772.7344,-805.5174,6.617547,0,0,0,943,0,0,0,628,4710,4228,0,0,137
Workshop,In Conflict,2348,772.7344,-805.5174,6.617547,0,0,0,943,0,0,0,628,4710,4293,0,0,139
Workshop,Uncontrolled,2349,772.7344,-805.5174,6.617547,0,0,0,943,0,0,0,628,4710,4294,0,0,135
Hangar,Alliance Controlled,2350,690.2934,-1125.382,133.70567,0,0,0,943,0,0,0,628,4710,4299,0,0,141
Hangar,Horde Controlled,2352,690.2882,-1125.3959,133.70567,0,0,0,943,0,0,0,628,4710,4298,0,0,143
Hangar,In Conflict,2353,690.2674,-1125.3716,133.70567,0,0,0,943,0,0,0,628,4710,4300,0,0,142
Hangar,In Conflict,2354,690.30206,-1125.3889,133.70567,0,0,0,943,0,0,0,628,4710,4297,0,0,144
Hangar,Uncontrolled,2355,690.29517,-1125.4045,133.70567,0,0,0,943,0,0,0,628,4710,4296,0,0,140
Docks,In Conflict,2356,796.9948,-379.9479,11.905823,0,0,0,943,0,0,0,628,4710,4305,0,0,147
Docks,Horde Controlled,2357,797.0018,-379.91495,11.905823,0,0,0,943,0,0,0,628,4710,4303,0,0,148
Docks,Alliance Controlled,2358,797.00696,-379.908,11.905823,0,0,0,943,0,0,0,628,4710,4304,0,0,146
Docks,In Conflict,2359,796.9983,-379.91147,11.905823,0,0,0,943,0,0,0,628,4710,4302,0,0,149
Docks,Uncontrolled,2360,796.9965,-379.9375,11.905823,0,0,0,943,0,0,0,628,4710,4301,0,0,145
Quarry,Uncontrolled,2361,225.0382,-1188.757,8.066819,0,0,0,943,0,0,0,628,4710,4306,0,0,16
Quarry,Alliance Controlled,2362,225.0382,-1188.757,8.066819,0,0,0,943,0,0,0,628,4710,4309,0,0,18
Quarry,Horde Controlled,2363,225.0382,-1188.757,8.066819,0,0,0,943,0,0,0,628,4710,4308,0,0,20
Quarry,In Conflict,2364,225.0382,-1188.757,8.066819,0,0,0,943,0,0,0,628,4710,4310,0,0,17
Quarry,In Conflict,2365,225.0382,-1188.757,8.066819,0,0,0,943,0,0,0,628,4710,4307,0,0,19
Refinery,Horde Controlled,2366,1267.118,-396.06946,24.233713,0,0,0,943,0,0,0,628,4710,4313,0,0,153
Refinery,Alliance Controlled,2367,1267.118,-396.06946,24.233713,0,0,0,943,0,0,0,628,4710,4314,0,0,151
Refinery,In Conflict,2368,1267.118,-396.06946,24.233713,0,0,0,943,0,0,0,628,4710,4312,0,0,154
Refinery,In Conflict,2369,1267.118,-396.06946,24.233713,0,0,0,943,0,0,0,628,4710,4315,0,0,152
Refinery,Uncontrolled,2370,1267.118,-396.06946,24.233713,0,0,0,943,0,0,0,628,4710,4311,0,0,150
Horde Gate,Front Gate,2371,1151.1892,-762.52606,49.44239,0,0,0,943,0,0,0,628,4710,4317,0,0,77
Horde Gate,Destroyed,2372,1151.1892,-762.52606,49.44239,0,0,0,943,0,0,0,628,4710,4322,0,0,79
Horde Gate,East Gate,2373,1218.5851,-850.99304,50.193066,0,0,0,943,0,0,0,628,4710,4319,0,0,77
Horde Gate,Destroyed,2374,1218.6302,-851.1024,50.193066,0,0,0,943,0,0,0,628,4710,4320,0,0,79
Horde Gate,West Gate,2375,1218.0781,-677.0816,49.554085,0,0,0,943,0,0,0,628,4710,4318,0,0,77
Horde Gate,Destroyed,2376,1218.0521,-677.1215,49.554085,0,0,0,943,0,0,0,628,4710,4321,0,0,79
Alliance Gate,East Gate,2377,352.00348,-901.0434,49.98815,0,0,0,943,0,0,0,628,4710,4326,0,0,80
Alliance Gate,Destroyed,2378,411.3854,-833.7969,49.303783,0,0,0,943,0,0,0,628,4710,4323,0,0,82
Alliance Gate,Destroyed,2379,352.00348,-901.0434,49.98815,0,0,0,943,0,0,0,628,4710,4325,0,0,82
Alliance Gate,West Gate,2380,351.6684,-764.71704,50.141834,0,0,0,943,0,0,0,628,4710,4327,0,0,80
Alliance Gate,Destroyed,2381,351.6684,-764.71704,50.141834,0,0,0,943,0,0,0,628,4710,4324,0,0,82
Alliance Gate,Front Gate,2382,411.3854,-833.7969,49.303783,0,0,0,943,0,0,0,628,4710,4328,0,0,80
Alliance Keep,Uncontrolled,2383,347.7604,-831.559,48.91625,0,0,0,943,0,0,0,628,4710,4341,0,0,6
Alliance Keep,Alliance Controlled,2384,347.7604,-831.559,48.91625,0,0,0,943,0,0,0,628,4710,4339,0,0,11
Alliance Keep,In Conflict,2385,347.7604,-831.559,48.91625,0,0,0,943,0,0,0,628,4710,4342,0,0,9
Alliance Keep,In Conflict,2386,347.7604,-831.559,48.91625,0,0,0,943,0,0,0,628,4710,4343,0,0,12
Alliance Keep,Horde Controlled,2387,347.7604,-831.559,48.91625,0,0,0,943,0,0,0,628,4710,4340,0,0,10
Horde Keep,Horde Controlled,2388,1212.8923,-765.4184,48.91625,0,0,0,943,0,0,0,628,4710,4345,0,0,10
Horde Keep,Alliance Controlled,2389,1212.8923,-765.4184,48.91625,0,0,0,943,0,0,0,628,4710,4344,0,0,11
Horde Keep,In Conflict,2390,1212.8923,-765.4184,48.91625,0,0,0,943,0,0,0,628,4710,4347,0,0,9
Horde Keep,In Conflict,2391,1212.8923,-765.4184,48.91625,0,0,0,943,0,0,0,628,4710,4348,0,0,12
Horde Keep,Uncontrolled,2392,1212.8923,-765.4184,48.91625,0,0,0,943,0,0,0,628,4710,4346,0,0,6
Wintergrasp Fortress,,7126,5394.58,2841.49,418.914,0,0,0,903,0,0,0,2118,14288,3773,0,0,74
Wintergrasp Fortress Tower (NE),Battle for Wintergrasp Fortress Tower (NE),7127,5279.47,2632.11,462.265,0,0,0,903,0,0,0,2118,14288,3712,0,0,6
Wintergrasp Fortress Gate,,7128,5162.54,2841.25,438.039,0,0,0,1927,0,0,0,2118,14288,3763,0,0,74
Wintergrasp Fortress Tower (NW),Battlle for Wintergrasp Fortress Tower (NW),7129,5280.07,3046.51,461.025,0,0,0,903,0,0,0,2118,14288,3711,0,0,6
Wintergrasp Fortress Tower (SE),,7130,5164.64,2747.98,462.357,0,0,0,903,0,0,0,2118,14288,3714,0,0,6
Wintergrasp Fortress Tower (SW),,7131,5161.26,2934.32,462.306,0,0,0,903,0,0,0,2118,14288,3713,0,0,6
Wintergrasp Fortress Wall,,7132,5330.66,2630.69,432.759,0,0,0,391,0,0,0,2118,14288,3761,0,0,92
Wintergrasp Fortress Wall,,7133,5300.49,2909.33,433.359,0,0,0,391,0,0,0,2118,14288,3766,0,0,92
Wintergrasp Fortress Wall,,7134,5372.89,3047.3,431.065,0,0,0,391,0,0,0,2118,14288,3749,0,0,92
Wintergrasp Fortress Wall,,7135,5331.85,3046.55,431.403,0,0,0,391,0,0,0,2118,14288,3750,0,0,92
Wintergrasp Fortress Wall,,7136,5279.13,2954.81,432.095,0,0,0,391,0,0,0,2118,14288,3752,0,0,83
Wintergrasp Fortress Wall,,7137,5255.6,2934.08,432.836,0,0,0,391,0,0,0,2118,14288,3753,0,0,92
Wintergrasp Fortress Wall,,7138,5216.08,2933.99,432.679,0,0,0,391,0,0,0,2118,14288,3754,0,0,92
Wintergrasp Fortress Wall,,7139,5162.25,2882.84,433.732,0,0,0,391,0,0,0,2118,14288,3755,0,0,83
Wintergrasp Fortress Wall,,7140,5163.71,2798.72,432.717,0,0,0,391,0,0,0,2118,14288,3756,0,0,83
Wintergrasp Fortress Wall,,7141,5215.36,2747.99,432.667,0,0,0,391,0,0,0,2118,14288,3757,0,0,92
Wintergrasp Fortress Wall,,7142,5256.52,2747.55,433.229,0,0,0,391,0,0,0,2118,14288,3758,0,0,92
Wintergrasp Fortress Wall,,7143,5279.76,2725.12,433.423,0,0,0,391,0,0,0,2118,14288,3759,0,0,83
Wintergrasp Fortress Wall,,7144,5372.93,2630.77,431.929,0,0,0,391,0,0,0,2118,14288,3762,0,0,92
Wintergrasp Fortress Wall,,7145,5386.46,2909.89,433.194,0,0,0,391,0,0,0,2118,14288,3764,0,0,92
Wintergrasp Fortress Wall,,7146,5343.39,2909.19,432.778,0,0,0,391,0,0,0,2118,14288,3765,0,0,92
Wintergrasp Fortress Wall,,7147,5279.34,2883.16,433.021,0,0,0,391,0,0,0,2118,14288,3767,0,0,83
Wintergrasp Fortress Wall,,7148,5280.86,2840.4,433.472,0,0,0,391,0,0,0,2118,14288,3768,0,0,83
Wintergrasp Fortress Wall,,7149,5280.32,2798.61,433.477,0,0,0,391,0,0,0,2118,14288,3769,0,0,83
Wintergrasp Fortress Wall,,7150,5302.01,2771.67,433.389,0,0,0,391,0,0,0,2118,14288,3770,0,0,92
Wintergrasp Fortress Wall,,7151,5343.66,2771.01,432.827,0,0,0,391,0,0,0,2118,14288,3771,0,0,92
Wintergrasp Fortress Wall,,7152,5384.4,2772.53,433.744,0,0,0,391,0,0,0,2118,14288,3772,0,0,92
Wintergrasp Fortress Wall,,7153,5279.45,2683.91,433.323,0,0,0,391,0,0,0,2118,14288,3760,0,0,83
Wintergrasp Fortress Wall,,7154,5280.8,2995.93,432.302,0,0,0,391,0,0,0,2118,14288,3751,0,0,83
Fortress Graveyard,,7155,5538.38,2894.84,517.055,0,0,0,903,0,0,0,2118,14288,3773,0,0,8
Fortress Vehicle Workshop (W),,7156,5390.88,2979.48,442.291,0,0,0,903,0,0,0,2118,14288,3698,0,0,65
Fortress Vehicle Workshop (E),,7157,5389.97,2712.18,442.118,0,0,0,903,0,0,0,2118,14288,3699,0,0,65
PvP Activity Detected,,7158,5339.85,2700.9,409.166,0,0,0,903,0,0,0,2118,14288,3777,0,0,101
PvP Activity Detected,,7159,5338.95,2841.39,409.239,0,0,0,903,0,0,0,2118,14288,3778,0,0,101
PvP Activity Detected,,7160,5336.29,2978.43,409.191,0,0,0,903,0,0,0,2118,14288,3779,0,0,101
PvP Activity Detected,,7161,5217.2,2842.45,409.191,0,0,0,903,0,0,0,2118,14288,3774,0,0,101
PvP Activity Detected,,7162,5214.84,3011.21,404.377,0,0,0,903,0,0,0,2118,14288,3775,0,0,101
Sunken Ring Graveyard,,7163,5105.61,2300.68,368.485,0,0,0,903,0,0,0,2118,14288,3701,0,0,8
Broken Temple Graveyard,,7164,5102.12,3463.95,368.485,0,0,0,903,0,0,0,2118,14288,3700,0,0,8
PvP Activity Detected,,7165,5085.96,3437.93,356.64,0,0,0,903,0,0,0,2118,14288,3748,0,0,101
PvP Activity Detected,,7166,5052.91,3192.65,356.551,0,0,0,903,0,0,0,2118,14288,3729,0,0,101
PvP Activity Detected,,7167,5048.52,2847.42,392.943,0,0,0,903,0,0,0,2118,14288,3723,0,0,101
PvP Activity Detected,,7168,5046.72,3024.94,367.504,0,0,0,903,0,0,0,2118,14288,3744,0,0,101
PvP Activity Detected,,7169,5018.89,2578.16,354.455,0,0,0,903,0,0,0,2118,14288,3726,0,0,101
PvP Activity Detected,,7170,5010.88,2701.46,369.534,0,0,0,903,0,0,0,2118,14288,3739,0,0,101
Broken Temple Vehicle Workshop,,7171,4961.23,3384.18,409.978,0,0,0,903,0,0,0,2118,14288,3700,0,0,65
PvP Activity Detected,,7172,4946.42,3331.67,376.882,0,0,0,903,0,0,0,2118,14288,3788,0,0,101
Sunken Ring Vehicle Workshop,,7173,4942.82,2390.43,353.221,0,0,0,903,0,0,0,2118,14288,3701,0,0,65
PvP Activity Detected,,7174,4932.31,2440.47,320.176,0,0,0,903,0,0,0,2118,14288,3790,0,0,101
PvP Activity Detected,,7175,4860.4,2023.33,396.598,0,0,0,903,0,0,0,2118,14288,3797,0,0,101
PvP Activity Detected,,7176,4837.71,3456.31,360.519,0,0,0,903,0,0,0,2118,14288,3747,0,0,101
PvP Activity Detected,,7177,4821.56,2618.59,356.046,0,0,0,903,0,0,0,2118,14288,3740,0,0,101
PvP Activity Detected,,7178,4812.1,3304.64,366.602,0,0,0,903,0,0,0,2118,14288,3730,0,0,101
PvP Activity Detected,,7179,4789.57,3074.77,357.01,0,0,0,903,0,0,0,2118,14288,3743,0,0,101
PvP Activity Detected,,7180,4696.33,3806.99,362.268,0,0,0,903,0,0,0,2118,14288,3796,0,0,101
PvP Activity Detected,,7181,4730.25,2414.65,360.36,0,0,0,903,0,0,0,2118,14288,3727,0,0,101
PvP Activity Detected,,7182,4763.67,2881.21,377.484,0,0,0,903,0,0,0,2118,14288,3725,0,0,101
PvP Activity Detected,,7183,4774.63,2045.92,425.678,0,0,0,903,0,0,0,2118,14288,3737,0,0,101
PvP Activity Detected,,7187,4558.4,3490.13,366.603,0,0,0,903,0,0,0,2118,14288,3746,0,0,101
Shadowsight Tower,,7188,4556.98,3623.77,449.097,0,0,0,903,0,0,0,2118,14288,3704,0,0,6
PvP Activity Detected,,7189,4530.66,3584.57,396.104,0,0,0,903,0,0,0,571,4197,3793,0,0,101
PvP Activity Detected,,7190,4516.68,2087.62,395.444,0,0,0,903,0,0,0,2118,14288,3738,0,0,101
PvP Activity Detected,,7191,4481.82,1993.34,431.451,0,0,0,903,0,0,0,2118,14288,3794,0,0,101
PvP Activity Detected,,7192,4484.44,2826.67,394.625,0,0,0,903,0,0,0,2118,14288,3724,0,0,101
PvP Activity Detected,,7193,4489.01,4028.89,411.913,0,0,0,903,0,0,0,2118,14288,3799,0,0,101
PvP Activity Detected,,7194,4493.03,3337.28,359.487,0,0,0,903,0,0,0,2118,14288,3731,0,0,101
PvP Activity Detected,,7195,4497.72,2326.91,367.382,0,0,0,903,0,0,0,2118,14288,3728,0,0,101
Flamewatch Tower,,7196,4458.95,1944.13,488.206,0,0,0,903,0,0,0,2118,14288,3706,0,0,6
PvP Activity Detected,,7197,4400.1,3479.49,359.026,0,0,0,903,0,0,0,2118,14288,3745,0,0,101
PvP Activity Detected,,7198,4402.92,3090.83,358.639,0,0,0,903,0,0,0,2118,14288,3742,0,0,101
PvP Activity Detected,,7199,4403.42,2349.1,375.579,0,0,0,903,0,0,0,2118,14288,3791,0,0,101
PvP Activity Detected,,7200,4446.22,2820.74,402.839,0,0,0,903,0,0,0,2118,14288,3795,0,0,101
PvP Activity Detected,,7201,4450.37,2529.12,358.292,0,0,0,903,0,0,0,2118,14288,3741,0,0,101
PvP Activity Detected,,7202,4310.33,1810.36,348.633,0,0,0,903,0,0,0,2118,14288,3798,0,0,101
Southeast Graveyard,,7203,4318.94,2408,392.581,0,0,0,903,0,0,0,2118,14288,3703,0,0,8
Southwest Graveyard,,7204,4336.28,3234.63,390.251,0,0,0,903,0,0,0,2118,14288,3702,0,0,8
Westspark Vehicle Workshop,,7205,4355.01,3308.44,405.114,0,0,0,903,0,0,0,2118,14288,3702,0,0,65
Eastspark Vehicle Workshop,,7206,4360.35,2352.27,409.367,0,0,0,903,0,0,0,2118,14288,3703,0,0,65
PvP Activity Detected,,7207,4394.79,3294.74,372.429,0,0,0,903,0,0,0,2118,14288,3792,0,0,101
Winter's Edge Tower,,7208,4397.97,2822.6,458.842,0,0,0,903,0,0,0,2118,14288,3705,0,0,6
